"expt","sub","trial.no","rt"
"expt 1","000640",0,2446
"expt 1","000640",1,2364
"expt 1","000640",2,2829
"expt 1","000640",3,2463
"expt 1","000640",4,2264
"expt 1","000640",5,1949
"expt 1","000640",6,2762
"expt 1","000640",7,1749
"expt 1","000640",8,2048
"expt 1","000640",9,2363
"expt 1","000640",10,2198
"expt 1","000640",11,2214
"expt 1","000640",12,2031
"expt 1","000640",13,2264
"expt 1","000640",14,1749
"expt 1","000640",15,2048
"expt 1","000640",16,4057
"expt 1","000640",17,3542
"expt 1","000640",18,3592
"expt 1","000640",19,3144
"expt 1","000640",20,2363
"expt 1","000640",21,2430
"expt 1","000640",22,4754
"expt 1","000640",23,3493
"expt 1","000640",24,2944
"expt 1","000640",25,2596
"expt 1","000640",26,5004
"expt 1","000640",27,3443
"expt 1","000640",28,3210
"expt 1","000640",29,4456
"expt 1","000640",30,2729
"expt 1","000640",31,2828
"expt 1","000640",32,2562
"expt 1","000640",33,2263
"expt 1","000640",34,2264
"expt 1","000640",35,2114
"expt 1","000640",36,2363
"expt 1","000640",37,3227
"expt 1","000640",38,2712
"expt 1","000640",39,4074
"expt 1","000640",40,2546
"expt 1","000640",41,2330
"expt 1","000640",42,2512
"expt 1","000640",43,3078
"expt 1","000640",44,3343
"expt 1","000640",45,2580
"expt 1","000640",46,2762
"expt 1","000640",47,1998
"expt 1","000640",48,4804
"expt 1","000640",49,3641
"expt 1","000640",50,2014
"expt 1","000640",51,2314
"expt 1","000640",52,2247
"expt 1","000640",53,6032
"expt 1","000640",54,2247
"expt 1","000640",55,3176
"expt 1","000640",56,2895
"expt 1","000640",57,2546
"expt 1","000640",58,3941
"expt 1","000640",59,3509
"expt 1","000640",60,2147
"expt 1","000640",61,2264
"expt 1","000640",62,2596
"expt 1","000640",63,3725
"expt 1","001640",0,9718
"expt 1","001640",1,6115
"expt 1","001640",2,4273
"expt 1","001640",3,12042
"expt 1","001640",4,8075
"expt 1","001640",5,8806
"expt 1","001640",6,10017
"expt 1","001640",7,13719
"expt 1","001640",8,14566
"expt 1","001640",9,14200
"expt 1","001640",10,5285
"expt 1","001640",11,7162
"expt 1","001640",12,13918
"expt 1","001640",13,13437
"expt 1","001640",14,7710
"expt 1","001640",15,8025
"expt 1","001640",16,8805
"expt 1","001640",17,10398
"expt 1","001640",18,6149
"expt 1","001640",19,4970
"expt 1","001640",20,3675
"expt 1","001640",21,10847
"expt 1","001640",22,12043
"expt 1","001640",23,8772
"expt 1","001640",24,15513
"expt 1","001640",25,11959
"expt 1","001640",26,6912
"expt 1","001640",27,6265
"expt 1","001640",28,10382
"expt 1","001640",29,5634
"expt 1","001640",30,5767
"expt 1","001640",31,6846
"expt 1","001640",32,4571
"expt 1","001640",33,12524
"expt 1","001640",34,6348
"expt 1","001640",35,9685
"expt 1","001640",36,7826
"expt 1","001640",37,6664
"expt 1","001640",38,13454
"expt 1","001640",39,10282
"expt 1","001640",40,5468
"expt 1","001640",41,7028
"expt 1","001640",42,6863
"expt 1","001640",43,10681
"expt 1","001640",44,4887
"expt 1","001640",45,17289
"expt 1","001640",46,9984
"expt 1","001640",47,13305
"expt 1","001640",48,7460
"expt 1","001640",49,12475
"expt 1","001640",50,5286
"expt 1","001640",51,7444
"expt 1","001640",52,8523
"expt 1","001640",53,6929
"expt 1","001640",54,9420
"expt 1","001640",55,6929
"expt 1","001640",56,5070
"expt 1","001640",57,7826
"expt 1","001640",58,10150
"expt 1","001640",59,7527
"expt 1","001640",60,5385
"expt 1","001640",61,10134
"expt 1","001640",62,11478
"expt 1","001640",63,14682
"expt 1","002848",0,7991
"expt 1","002848",1,10084
"expt 1","002848",2,5601
"expt 1","002848",3,6879
"expt 1","002848",4,5368
"expt 1","002848",5,5585
"expt 1","002848",6,7344
"expt 1","002848",7,14567
"expt 1","002848",8,14600
"expt 1","002848",9,15081
"expt 1","002848",10,6581
"expt 1","002848",11,16641
"expt 1","002848",12,7842
"expt 1","002848",13,9967
"expt 1","002848",14,9187
"expt 1","002848",15,9552
"expt 1","002848",16,6415
"expt 1","002848",17,10382
"expt 1","002848",18,17056
"expt 1","002848",19,7643
"expt 1","002848",20,4439
"expt 1","002848",21,5569
"expt 1","002848",22,12624
"expt 1","002848",23,11478
"expt 1","002848",24,5103
"expt 1","002848",25,4057
"expt 1","002848",26,8855
"expt 1","002848",27,7427
"expt 1","002848",28,4505
"expt 1","002848",29,5551
"expt 1","002848",30,6381
"expt 1","002848",31,5352
"expt 1","002848",32,5999
"expt 1","002848",33,3558
"expt 1","002848",34,5335
"expt 1","002848",35,4538
"expt 1","002848",36,9120
"expt 1","002848",37,9702
"expt 1","002848",38,6314
"expt 1","002848",39,5551
"expt 1","002848",40,5767
"expt 1","002848",41,3094
"expt 1","002848",42,5783
"expt 1","002848",43,5867
"expt 1","002848",44,3459
"expt 1","002848",45,6249
"expt 1","002848",46,5003
"expt 1","002848",47,3858
"expt 1","002848",48,8772
"expt 1","002848",49,3094
"expt 1","002848",50,5750
"expt 1","002848",51,4688
"expt 1","002848",52,4538
"expt 1","002848",53,3957
"expt 1","002848",54,3659
"expt 1","002848",55,4505
"expt 1","002848",56,4041
"expt 1","002848",57,3393
"expt 1","002848",58,10448
"expt 1","002848",59,9951
"expt 1","002848",60,2231
"expt 1","002848",61,5237
"expt 1","002848",62,5468
"expt 1","002848",63,4389
"expt 1","003080",0,3908
"expt 1","003080",1,3478
"expt 1","003080",2,3094
"expt 1","003080",3,12441
"expt 1","003080",4,6796
"expt 1","003080",5,5985
"expt 1","003080",6,12989
"expt 1","003080",7,13438
"expt 1","003080",8,15348
"expt 1","003080",9,16924
"expt 1","003080",10,6165
"expt 1","003080",11,9704
"expt 1","003080",12,23781
"expt 1","003080",13,24926
"expt 1","003080",14,14204
"expt 1","003080",15,15977
"expt 1","003080",16,13304
"expt 1","003080",17,9436
"expt 1","003080",18,9173
"expt 1","003080",19,6284
"expt 1","003080",20,7377
"expt 1","003080",21,33045
"expt 1","003080",22,9403
"expt 1","003080",23,8823
"expt 1","003080",24,9205
"expt 1","003080",25,13089
"expt 1","003080",26,5651
"expt 1","003080",27,11395
"expt 1","003080",28,4704
"expt 1","003080",29,19066
"expt 1","003080",30,5451
"expt 1","003080",31,7327
"expt 1","003080",32,7443
"expt 1","003080",33,19398
"expt 1","003080",34,11379
"expt 1","003080",35,7643
"expt 1","003080",36,13388
"expt 1","003080",37,7942
"expt 1","003080",38,8856
"expt 1","003080",39,6448
"expt 1","003080",40,10267
"expt 1","003080",41,9521
"expt 1","003080",42,8091
"expt 1","003080",43,10913
"expt 1","003080",44,4688
"expt 1","003080",45,8506
"expt 1","003080",46,12210
"expt 1","003080",47,6099
"expt 1","003080",48,7228
"expt 1","003080",49,7959
"expt 1","003080",50,10898
"expt 1","003080",51,4074
"expt 1","003080",52,8558
"expt 1","003080",53,6480
"expt 1","003080",54,11113
"expt 1","003080",55,13655
"expt 1","003080",56,18169
"expt 1","003080",57,13255
"expt 1","003080",58,10117
"expt 1","003080",59,17057
"expt 1","003080",60,8158
"expt 1","003080",61,4439
"expt 1","003080",62,8556
"expt 1","003080",63,5020
"expt 1","004128",0,57202
"expt 1","004128",1,22352
"expt 1","004128",2,14367
"expt 1","004128",3,17737
"expt 1","004128",4,19680
"expt 1","004128",5,23482
"expt 1","004128",6,37627
"expt 1","004128",7,40284
"expt 1","004128",8,14085
"expt 1","004128",9,31368
"expt 1","004128",10,18617
"expt 1","004128",11,6913
"expt 1","004128",12,6680
"expt 1","004128",13,30571
"expt 1","004128",14,9320
"expt 1","004128",15,16027
"expt 1","004128",16,24495
"expt 1","004128",17,26172
"expt 1","004128",18,24661
"expt 1","004128",19,12624
"expt 1","004128",20,7759
"expt 1","004128",21,17074
"expt 1","004128",22,32397
"expt 1","004128",23,25191
"expt 1","004128",24,28280
"expt 1","004128",25,57882
"expt 1","004128",26,48170
"expt 1","004128",27,17223
"expt 1","004128",28,29409
"expt 1","004128",29,20527
"expt 1","004128",30,7029
"expt 1","004128",31,13338
"expt 1","004128",32,15479
"expt 1","004128",33,14101
"expt 1","004128",34,10033
"expt 1","004128",35,10283
"expt 1","004128",36,12242
"expt 1","004128",37,8274
"expt 1","004128",38,29708
"expt 1","004128",39,24761
"expt 1","004128",40,32049
"expt 1","004128",41,11877
"expt 1","004128",42,9950
"expt 1","004128",43,13703
"expt 1","004128",44,14566
"expt 1","004128",45,27848
"expt 1","004128",46,14716
"expt 1","004128",47,10499
"expt 1","004128",48,12557
"expt 1","004128",49,7344
"expt 1","004128",50,19281
"expt 1","004128",51,7809
"expt 1","004128",52,7958
"expt 1","004128",53,6398
"expt 1","004128",54,4738
"expt 1","004128",55,7925
"expt 1","004128",56,4920
"expt 1","004128",57,21672
"expt 1","004128",58,12341
"expt 1","004128",59,6697
"expt 1","004128",60,6398
"expt 1","004128",61,19132
"expt 1","004128",62,6365
"expt 1","004128",63,30588
"expt 1","005488",0,7245
"expt 1","005488",1,8340
"expt 1","005488",2,9137
"expt 1","005488",3,5650
"expt 1","005488",4,9254
"expt 1","005488",5,4837
"expt 1","005488",6,3327
"expt 1","005488",7,5369
"expt 1","005488",8,4704
"expt 1","005488",9,9569
"expt 1","005488",10,4621
"expt 1","005488",11,2480
"expt 1","005488",12,4455
"expt 1","005488",13,4688
"expt 1","005488",14,2845
"expt 1","005488",15,6714
"expt 1","005488",16,5534
"expt 1","005488",17,2197
"expt 1","005488",18,2081
"expt 1","005488",19,2247
"expt 1","005488",20,2446
"expt 1","005488",21,5302
"expt 1","005488",22,4605
"expt 1","005488",23,3293
"expt 1","005488",24,4970
"expt 1","005488",25,2712
"expt 1","005488",26,4455
"expt 1","005488",27,3576
"expt 1","005488",28,2280
"expt 1","005488",29,2629
"expt 1","005488",30,2049
"expt 1","005488",31,3260
"expt 1","005488",32,3343
"expt 1","005488",33,3260
"expt 1","005488",34,2197
"expt 1","005488",35,5319
"expt 1","005488",36,3127
"expt 1","005488",37,3642
"expt 1","005488",38,2513
"expt 1","005488",39,1965
"expt 1","005488",40,3592
"expt 1","005488",41,2828
"expt 1","005488",42,2347
"expt 1","005488",43,3990
"expt 1","005488",44,2912
"expt 1","005488",45,2314
"expt 1","005488",46,3526
"expt 1","005488",47,1798
"expt 1","005488",48,2330
"expt 1","005488",49,1998
"expt 1","005488",50,2330
"expt 1","005488",51,2314
"expt 1","005488",52,2546
"expt 1","005488",53,2446
"expt 1","005488",54,2181
"expt 1","005488",55,2878
"expt 1","005488",56,2563
"expt 1","005488",57,2529
"expt 1","005488",58,6714
"expt 1","005488",59,4289
"expt 1","005488",60,4272
"expt 1","005488",61,8440
"expt 1","005488",62,8789
"expt 1","005488",63,9918
"expt 1","006512",0,53001
"expt 1","006512",1,24910
"expt 1","006512",2,21573
"expt 1","006512",3,14600
"expt 1","006512",4,11960
"expt 1","006512",5,22038
"expt 1","006512",6,9469
"expt 1","006512",7,6780
"expt 1","006512",8,12225
"expt 1","006512",9,20510
"expt 1","006512",10,9951
"expt 1","006512",11,12292
"expt 1","006512",12,10980
"expt 1","006512",13,17421
"expt 1","006512",14,9254
"expt 1","006512",15,9769
"expt 1","006512",16,14168
"expt 1","006512",17,10416
"expt 1","006512",18,8092
"expt 1","006512",19,9553
"expt 1","006512",20,9602
"expt 1","006512",21,9436
"expt 1","006512",22,26753
"expt 1","006512",23,13404
"expt 1","006512",24,10000
"expt 1","006512",25,22868
"expt 1","006512",26,9453
"expt 1","006512",27,6763
"expt 1","006512",28,16924
"expt 1","006512",29,11860
"expt 1","006512",30,12723
"expt 1","006512",31,9304
"expt 1","006512",32,7975
"expt 1","006512",33,8241
"expt 1","006512",34,6530
"expt 1","006512",35,6481
"expt 1","006512",36,6547
"expt 1","006512",37,10681
"expt 1","006512",38,12125
"expt 1","006512",39,16160
"expt 1","006512",40,5153
"expt 1","006512",41,4837
"expt 1","006512",42,5634
"expt 1","006512",43,5601
"expt 1","006512",44,7792
"expt 1","006512",45,8440
"expt 1","006512",46,4589
"expt 1","006512",47,6763
"expt 1","006512",48,7527
"expt 1","006512",49,6945
"expt 1","006512",50,9885
"expt 1","006512",51,7875
"expt 1","006512",52,9187
"expt 1","006512",53,6447
"expt 1","006512",54,8174
"expt 1","006512",55,4755
"expt 1","006512",56,9735
"expt 1","006512",57,7942
"expt 1","006512",58,9569
"expt 1","006512",59,9469
"expt 1","006512",60,4488
"expt 1","006512",61,8059
"expt 1","006512",62,8357
"expt 1","006512",63,4273
"expt 1","007872",0,53086
"expt 1","007872",1,31568
"expt 1","007872",2,56521
"expt 1","007872",3,72145
"expt 1","007872",4,65355
"expt 1","007872",5,43289
"expt 1","007872",6,25873
"expt 1","007872",7,33627
"expt 1","007872",8,9221
"expt 1","007872",9,12325
"expt 1","007872",10,31982
"expt 1","007872",11,14716
"expt 1","007872",12,24412
"expt 1","007872",13,20842
"expt 1","007872",14,21341
"expt 1","007872",15,20908
"expt 1","007872",16,18586
"expt 1","007872",17,7361
"expt 1","007872",18,17738
"expt 1","007872",19,27470
"expt 1","007872",20,15197
"expt 1","007872",21,18469
"expt 1","007872",22,7494
"expt 1","007872",23,4657
"expt 1","007872",24,10332
"expt 1","007872",25,17073
"expt 1","007872",26,32547
"expt 1","007872",27,13670
"expt 1","007872",28,26920
"expt 1","007872",29,6796
"expt 1","007872",30,13537
"expt 1","007872",31,12939
"expt 1","007872",32,32215
"expt 1","007872",33,20045
"expt 1","007872",34,38508
"expt 1","007872",35,24960
"expt 1","007872",36,47407
"expt 1","007872",37,7477
"expt 1","007872",38,24428
"expt 1","007872",39,13272
"expt 1","007872",40,5866
"expt 1","007872",41,9569
"expt 1","007872",42,17472
"expt 1","007872",43,8374
"expt 1","007872",44,6863
"expt 1","007872",45,7079
"expt 1","007872",46,7062
"expt 1","007872",47,5734
"expt 1","007872",48,8822
"expt 1","007872",49,5999
"expt 1","007872",50,4372
"expt 1","007872",51,6763
"expt 1","007872",52,8839
"expt 1","007872",53,17189
"expt 1","007872",54,18203
"expt 1","007872",55,4488
"expt 1","007872",56,22337
"expt 1","007872",57,7676
"expt 1","007872",58,8225
"expt 1","007872",59,11728
"expt 1","007872",60,6315
"expt 1","007872",61,7377
"expt 1","007872",62,11976
"expt 1","007872",63,6996
"expt 1","008256",0,5485
"expt 1","008256",1,3127
"expt 1","008256",2,4123
"expt 1","008256",3,3343
"expt 1","008256",4,7245
"expt 1","008256",5,7360
"expt 1","008256",6,6912
"expt 1","008256",7,7909
"expt 1","008256",8,8839
"expt 1","008256",9,7311
"expt 1","008256",10,6049
"expt 1","008256",11,4853
"expt 1","008256",12,3044
"expt 1","008256",13,7427
"expt 1","008256",14,4007
"expt 1","008256",15,5452
"expt 1","008256",16,6896
"expt 1","008256",17,3226
"expt 1","008256",18,4654
"expt 1","008256",19,4389
"expt 1","008256",20,2630
"expt 1","008256",21,1932
"expt 1","008256",22,2912
"expt 1","008256",23,2663
"expt 1","008256",24,2963
"expt 1","008256",25,6265
"expt 1","008256",26,3060
"expt 1","008256",27,4555
"expt 1","008256",28,2945
"expt 1","008256",29,2911
"expt 1","008256",30,2380
"expt 1","008256",31,1815
"expt 1","008256",32,2679
"expt 1","008256",33,2131
"expt 1","008256",34,2280
"expt 1","008256",35,2231
"expt 1","008256",36,6996
"expt 1","008256",37,9668
"expt 1","008256",38,4604
"expt 1","008256",39,9469
"expt 1","008256",40,5733
"expt 1","008256",41,5800
"expt 1","008256",42,3642
"expt 1","008256",43,8656
"expt 1","008256",44,8108
"expt 1","008256",45,5982
"expt 1","008256",46,6863
"expt 1","008256",47,3940
"expt 1","008256",48,6298
"expt 1","008256",49,6315
"expt 1","008256",50,5120
"expt 1","008256",51,3758
"expt 1","008256",52,4223
"expt 1","008256",53,5053
"expt 1","008256",54,1866
"expt 1","008256",55,2380
"expt 1","008256",56,2330
"expt 1","008256",57,4289
"expt 1","008256",58,4406
"expt 1","008256",59,2911
"expt 1","008256",60,1915
"expt 1","008256",61,3575
"expt 1","008256",62,5335
"expt 1","008256",63,7693
"expt 1","009848",0,3957
"expt 1","009848",1,3891
"expt 1","009848",2,3326
"expt 1","009848",3,2462
"expt 1","009848",4,4987
"expt 1","009848",5,5601
"expt 1","009848",6,4953
"expt 1","009848",7,6929
"expt 1","009848",8,5501
"expt 1","009848",9,4057
"expt 1","009848",10,3409
"expt 1","009848",11,4854
"expt 1","009848",12,4853
"expt 1","009848",13,5684
"expt 1","009848",14,7194
"expt 1","009848",15,3991
"expt 1","009848",16,4854
"expt 1","009848",17,6763
"expt 1","009848",18,5435
"expt 1","009848",19,3575
"expt 1","009848",20,3658
"expt 1","009848",21,4870
"expt 1","009848",22,4987
"expt 1","009848",23,10416
"expt 1","009848",24,1899
"expt 1","009848",25,6763
"expt 1","009848",26,7510
"expt 1","009848",27,9569
"expt 1","009848",28,7178
"expt 1","009848",29,4921
"expt 1","009848",30,4339
"expt 1","009848",31,9087
"expt 1","009848",32,3293
"expt 1","009848",33,12806
"expt 1","009848",34,4124
"expt 1","009848",35,4472
"expt 1","009848",36,5385
"expt 1","009848",37,6780
"expt 1","009848",38,8058
"expt 1","009848",39,6331
"expt 1","009848",40,2862
"expt 1","009848",41,7676
"expt 1","009848",42,5003
"expt 1","009848",43,7876
"expt 1","009848",44,2546
"expt 1","009848",45,6298
"expt 1","009848",46,4057
"expt 1","009848",47,6033
"expt 1","009848",48,4372
"expt 1","009848",49,6946
"expt 1","009848",50,6264
"expt 1","009848",51,2314
"expt 1","009848",52,7859
"expt 1","009848",53,4306
"expt 1","009848",54,5833
"expt 1","009848",55,7428
"expt 1","009848",56,3957
"expt 1","009848",57,10615
"expt 1","009848",58,3343
"expt 1","009848",59,10515
"expt 1","009848",60,5236
"expt 1","009848",61,10133
"expt 1","009848",62,15778
"expt 1","009848",63,3028
"expt 1","010872",0,9652
"expt 1","010872",1,9452
"expt 1","010872",2,4007
"expt 1","010872",3,4040
"expt 1","010872",4,3559
"expt 1","010872",5,2928
"expt 1","010872",6,5086
"expt 1","010872",7,2927
"expt 1","010872",8,2513
"expt 1","010872",9,2878
"expt 1","010872",10,2811
"expt 1","010872",11,2414
"expt 1","010872",12,4638
"expt 1","010872",13,2148
"expt 1","010872",14,3276
"expt 1","010872",15,2330
"expt 1","010872",16,2613
"expt 1","010872",17,2712
"expt 1","010872",18,4837
"expt 1","010872",19,13420
"expt 1","010872",20,5351
"expt 1","010872",21,4720
"expt 1","010872",22,2595
"expt 1","010872",23,5717
"expt 1","010872",24,3094
"expt 1","010872",25,2281
"expt 1","010872",26,4089
"expt 1","010872",27,2828
"expt 1","010872",28,4007
"expt 1","010872",29,6514
"expt 1","010872",30,2878
"expt 1","010872",31,2598
"expt 1","010872",32,2761
"expt 1","010872",33,2497
"expt 1","010872",34,3642
"expt 1","010872",35,1981
"expt 1","010872",36,2795
"expt 1","010872",37,6514
"expt 1","010872",38,2612
"expt 1","010872",39,2048
"expt 1","010872",40,14035
"expt 1","010872",41,6996
"expt 1","010872",42,9369
"expt 1","010872",43,2446
"expt 1","010872",44,2463
"expt 1","010872",45,6580
"expt 1","010872",46,2413
"expt 1","010872",47,2645
"expt 1","010872",48,2364
"expt 1","010872",49,3376
"expt 1","010872",50,2895
"expt 1","010872",51,4887
"expt 1","010872",52,5003
"expt 1","010872",53,17023
"expt 1","010872",54,2713
"expt 1","010872",55,2513
"expt 1","010872",56,2629
"expt 1","010872",57,2296
"expt 1","010872",58,7295
"expt 1","010872",59,2513
"expt 1","010872",60,3443
"expt 1","010872",61,5667
"expt 1","010872",62,2496
"expt 1","010872",63,12756
"expt 1","011280",0,23532
"expt 1","011280",1,11777
"expt 1","011280",2,12674
"expt 1","011280",3,16691
"expt 1","011280",4,21489
"expt 1","011280",5,9338
"expt 1","011280",6,10781
"expt 1","011280",7,29027
"expt 1","011280",8,9237
"expt 1","011280",9,8439
"expt 1","011280",10,13155
"expt 1","011280",11,5834
"expt 1","011280",12,9121
"expt 1","011280",13,4124
"expt 1","011280",14,4871
"expt 1","011280",15,10416
"expt 1","011280",16,4140
"expt 1","011280",17,6763
"expt 1","011280",18,6530
"expt 1","011280",19,9519
"expt 1","011280",20,12923
"expt 1","011280",21,16193
"expt 1","011280",22,20394
"expt 1","011280",23,19033
"expt 1","011280",24,17339
"expt 1","011280",25,10814
"expt 1","011280",26,10366
"expt 1","011280",27,21606
"expt 1","011280",28,18369
"expt 1","011280",29,15845
"expt 1","011280",30,18003
"expt 1","011280",31,17472
"expt 1","011280",32,18236
"expt 1","011280",33,31982
"expt 1","011280",34,14484
"expt 1","011280",35,6647
"expt 1","011280",36,6564
"expt 1","011280",37,11694
"expt 1","011280",38,7909
"expt 1","011280",39,9005
"expt 1","011280",40,13703
"expt 1","011280",41,5086
"expt 1","011280",42,12640
"expt 1","011280",43,25209
"expt 1","011280",44,15379
"expt 1","011280",45,13387
"expt 1","011280",46,10631
"expt 1","011280",47,25889
"expt 1","011280",48,6165
"expt 1","011280",49,5285
"expt 1","011280",50,14715
"expt 1","011280",51,14300
"expt 1","011280",52,7793
"expt 1","011280",53,9768
"expt 1","011280",54,45298
"expt 1","011280",55,8789
"expt 1","011280",56,10117
"expt 1","011280",57,10415
"expt 1","011280",58,5451
"expt 1","011280",59,4821
"expt 1","011280",60,6465
"expt 1","011280",61,9220
"expt 1","011280",62,41729
"expt 1","011280",63,30870
"expt 1","012232",0,10350
"expt 1","012232",1,9918
"expt 1","012232",2,7194
"expt 1","012232",3,15828
"expt 1","012232",4,8988
"expt 1","012232",5,10931
"expt 1","012232",6,11080
"expt 1","012232",7,11163
"expt 1","012232",8,8141
"expt 1","012232",9,8921
"expt 1","012232",10,10814
"expt 1","012232",11,13819
"expt 1","012232",12,9436
"expt 1","012232",13,7394
"expt 1","012232",14,17986
"expt 1","012232",15,7178
"expt 1","012232",16,9951
"expt 1","012232",17,11777
"expt 1","012232",18,15313
"expt 1","012232",19,5484
"expt 1","012232",20,8938
"expt 1","012232",21,7726
"expt 1","012232",22,8108
"expt 1","012232",23,9071
"expt 1","012232",24,9519
"expt 1","012232",25,10880
"expt 1","012232",26,13005
"expt 1","012232",27,3708
"expt 1","012232",28,6896
"expt 1","012232",29,5103
"expt 1","012232",30,3260
"expt 1","012232",31,9287
"expt 1","012232",32,7876
"expt 1","012232",33,2463
"expt 1","012232",34,4588
"expt 1","012232",35,9801
"expt 1","012232",36,10980
"expt 1","012232",37,3426
"expt 1","012232",38,5584
"expt 1","012232",39,8639
"expt 1","012232",40,3708
"expt 1","012232",41,5999
"expt 1","012232",42,8174
"expt 1","012232",43,5401
"expt 1","012232",44,4206
"expt 1","012232",45,3875
"expt 1","012232",46,6713
"expt 1","012232",47,2562
"expt 1","012232",48,7047
"expt 1","012232",49,7593
"expt 1","012232",50,3509
"expt 1","012232",51,10083
"expt 1","012232",52,9237
"expt 1","012232",53,5003
"expt 1","012232",54,9204
"expt 1","012232",55,4522
"expt 1","012232",56,3824
"expt 1","012232",57,8822
"expt 1","012232",58,7626
"expt 1","012232",59,4638
"expt 1","012232",60,3874
"expt 1","012232",61,5750
"expt 1","012232",62,4970
"expt 1","012232",63,7576
"expt 1","013512",0,36597
"expt 1","013512",1,23615
"expt 1","013512",2,15579
"expt 1","013512",3,14616
"expt 1","013512",4,17986
"expt 1","013512",5,15512
"expt 1","013512",6,25009
"expt 1","013512",7,28795
"expt 1","013512",8,14799
"expt 1","013512",9,46924
"expt 1","013512",10,11644
"expt 1","013512",11,30637
"expt 1","013512",12,8988
"expt 1","013512",13,14682
"expt 1","013512",14,6630
"expt 1","013512",15,9187
"expt 1","013512",16,8839
"expt 1","013512",17,8938
"expt 1","013512",18,8855
"expt 1","013512",19,12275
"expt 1","013512",20,10051
"expt 1","013512",21,5501
"expt 1","013512",22,10067
"expt 1","013512",23,17040
"expt 1","013512",24,11462
"expt 1","013512",25,13487
"expt 1","013512",26,25490
"expt 1","013512",27,4290
"expt 1","013512",28,14799
"expt 1","013512",29,25043
"expt 1","013512",30,7510
"expt 1","013512",31,4538
"expt 1","013512",32,12607
"expt 1","013512",33,7128
"expt 1","013512",34,11794
"expt 1","013512",35,6033
"expt 1","013512",36,11096
"expt 1","013512",37,17571
"expt 1","013512",38,9203
"expt 1","013512",39,5154
"expt 1","013512",40,21240
"expt 1","013512",41,15131
"expt 1","013512",42,3725
"expt 1","013512",43,4887
"expt 1","013512",44,5767
"expt 1","013512",45,16576
"expt 1","013512",46,7245
"expt 1","013512",47,7161
"expt 1","013512",48,3708
"expt 1","013512",49,9387
"expt 1","013512",50,7991
"expt 1","013512",51,6115
"expt 1","013512",52,8838
"expt 1","013512",53,9535
"expt 1","013512",54,6530
"expt 1","013512",55,8739
"expt 1","013512",56,3891
"expt 1","013512",57,12740
"expt 1","013512",58,6232
"expt 1","013512",59,15960
"expt 1","013512",60,7859
"expt 1","013512",61,8623
"expt 1","013512",62,3459
"expt 1","013512",63,5701
"expt 1","014384",0,13072
"expt 1","014384",1,13105
"expt 1","014384",2,6232
"expt 1","014384",3,3027
"expt 1","014384",4,3974
"expt 1","014384",5,2479
"expt 1","014384",6,2612
"expt 1","014384",7,4605
"expt 1","014384",8,3526
"expt 1","014384",9,6414
"expt 1","014384",10,5535
"expt 1","014384",11,7875
"expt 1","014384",12,10731
"expt 1","014384",13,5135
"expt 1","014384",14,6249
"expt 1","014384",15,2613
"expt 1","014384",16,8988
"expt 1","014384",17,8274
"expt 1","014384",18,6132
"expt 1","014384",19,7842
"expt 1","014384",20,4605
"expt 1","014384",21,5170
"expt 1","014384",22,20942
"expt 1","014384",23,11112
"expt 1","014384",24,16790
"expt 1","014384",25,2513
"expt 1","014384",26,4654
"expt 1","014384",27,7261
"expt 1","014384",28,13470
"expt 1","014384",29,5252
"expt 1","014384",30,10119
"expt 1","014384",31,6747
"expt 1","014384",32,6498
"expt 1","014384",33,8922
"expt 1","014384",34,2280
"expt 1","014384",35,1948
"expt 1","014384",36,2331
"expt 1","014384",37,13404
"expt 1","014384",38,4223
"expt 1","014384",39,2131
"expt 1","014384",40,8208
"expt 1","014384",41,5186
"expt 1","014384",42,2230
"expt 1","014384",43,5368
"expt 1","014384",44,2978
"expt 1","014384",45,4405
"expt 1","014384",46,3791
"expt 1","014384",47,3326
"expt 1","014384",48,7112
"expt 1","014384",49,13719
"expt 1","014384",50,3127
"expt 1","014384",51,2131
"expt 1","014384",52,1915
"expt 1","014384",53,6281
"expt 1","014384",54,7543
"expt 1","014384",55,9104
"expt 1","014384",56,2529
"expt 1","014384",57,2396
"expt 1","014384",58,2894
"expt 1","014384",59,2413
"expt 1","014384",60,2181
"expt 1","014384",61,1882
"expt 1","014384",62,1865
"expt 1","014384",63,5020
"expt 1","015720",0,8490
"expt 1","015720",1,8838
"expt 1","015720",2,15114
"expt 1","015720",3,5900
"expt 1","015720",4,7809
"expt 1","015720",5,8440
"expt 1","015720",6,6365
"expt 1","015720",7,5303
"expt 1","015720",8,5567
"expt 1","015720",9,6215
"expt 1","015720",10,7544
"expt 1","015720",11,8274
"expt 1","015720",12,5617
"expt 1","015720",13,5700
"expt 1","015720",14,4937
"expt 1","015720",15,7012
"expt 1","015720",16,4804
"expt 1","015720",17,7311
"expt 1","015720",18,4538
"expt 1","015720",19,12607
"expt 1","015720",20,5435
"expt 1","015720",21,4373
"expt 1","015720",22,3476
"expt 1","015720",23,4057
"expt 1","015720",24,5834
"expt 1","015720",25,7959
"expt 1","015720",26,4854
"expt 1","015720",27,4987
"expt 1","015720",28,8341
"expt 1","015720",29,7560
"expt 1","015720",30,5103
"expt 1","015720",31,4687
"expt 1","015720",32,5170
"expt 1","015720",33,4041
"expt 1","015720",34,6182
"expt 1","015720",35,3177
"expt 1","015720",36,5236
"expt 1","015720",37,7361
"expt 1","015720",38,7942
"expt 1","015720",39,4422
"expt 1","015720",40,3592
"expt 1","015720",41,2928
"expt 1","015720",42,4405
"expt 1","015720",43,5086
"expt 1","015720",44,2462
"expt 1","015720",45,5136
"expt 1","015720",46,4837
"expt 1","015720",47,2912
"expt 1","015720",48,3890
"expt 1","015720",49,4837
"expt 1","015720",50,3193
"expt 1","015720",51,4090
"expt 1","015720",52,3841
"expt 1","015720",53,3326
"expt 1","015720",54,5252
"expt 1","015720",55,5784
"expt 1","015720",56,10050
"expt 1","015720",57,3376
"expt 1","015720",58,5585
"expt 1","015720",59,2530
"expt 1","015720",60,3608
"expt 1","015720",61,2712
"expt 1","015720",62,4505
"expt 1","015720",63,5452
"expt 1","016000",0,1583
"expt 1","016000",1,1583
"expt 1","016000",2,1301
"expt 1","016000",3,1351
"expt 1","016000",4,1268
"expt 1","016000",5,1351
"expt 1","016000",6,1334
"expt 1","016000",7,1301
"expt 1","016000",8,1384
"expt 1","016000",9,1317
"expt 1","016000",10,1268
"expt 1","016000",11,1650
"expt 1","016000",12,1450
"expt 1","016000",13,1184
"expt 1","016000",14,1732
"expt 1","016000",15,1284
"expt 1","016000",16,1450
"expt 1","016000",17,1533
"expt 1","016000",18,1733
"expt 1","016000",19,1417
"expt 1","016000",20,1301
"expt 1","016000",21,1317
"expt 1","016000",22,1351
"expt 1","016000",23,1168
"expt 1","016000",24,1534
"expt 1","016000",25,1467
"expt 1","016000",26,1384
"expt 1","016000",27,1550
"expt 1","016000",28,1184
"expt 1","016000",29,1483
"expt 1","016000",30,1450
"expt 1","016000",31,1583
"expt 1","016000",32,1500
"expt 1","016000",33,1202
"expt 1","016000",34,1168
"expt 1","016000",35,1268
"expt 1","016000",36,1334
"expt 1","016000",37,1434
"expt 1","016000",38,2032
"expt 1","016000",39,1517
"expt 1","016000",40,1617
"expt 1","016000",41,1616
"expt 1","016000",42,1716
"expt 1","016000",43,1567
"expt 1","016000",44,1732
"expt 1","016000",45,1550
"expt 1","016000",46,2015
"expt 1","016000",47,1699
"expt 1","016000",48,1816
"expt 1","016000",49,1517
"expt 1","016000",50,1699
"expt 1","016000",51,1600
"expt 1","016000",52,1749
"expt 1","016000",53,1616
"expt 1","016000",54,1915
"expt 1","016000",55,1932
"expt 1","016000",56,1683
"expt 1","016000",57,2032
"expt 1","016000",58,1998
"expt 1","016000",59,1898
"expt 1","016000",60,1417
"expt 1","016000",61,1750
"expt 1","016000",62,1384
"expt 1","016000",63,1451
"expt 1","017872",0,1566
"expt 1","017872",1,3127
"expt 1","017872",2,3957
"expt 1","017872",3,3924
"expt 1","017872",4,10831
"expt 1","017872",5,2911
"expt 1","017872",6,6713
"expt 1","017872",7,6663
"expt 1","017872",8,5717
"expt 1","017872",9,7560
"expt 1","017872",10,7510
"expt 1","017872",11,18302
"expt 1","017872",12,22170
"expt 1","017872",13,11827
"expt 1","017872",14,9586
"expt 1","017872",15,3874
"expt 1","017872",16,17571
"expt 1","017872",17,12374
"expt 1","017872",18,16890
"expt 1","017872",19,16592
"expt 1","017872",20,7594
"expt 1","017872",21,13022
"expt 1","017872",22,5733
"expt 1","017872",23,5933
"expt 1","017872",24,12740
"expt 1","017872",25,10167
"expt 1","017872",26,22469
"expt 1","017872",27,15246
"expt 1","017872",28,8107
"expt 1","017872",29,9718
"expt 1","017872",30,8523
"expt 1","017872",31,13554
"expt 1","017872",32,11378
"expt 1","017872",33,6829
"expt 1","017872",34,2181
"expt 1","017872",35,7012
"expt 1","017872",36,6315
"expt 1","017872",37,2413
"expt 1","017872",38,13022
"expt 1","017872",39,5684
"expt 1","017872",40,3774
"expt 1","017872",41,6846
"expt 1","017872",42,12922
"expt 1","017872",43,18385
"expt 1","017872",44,6348
"expt 1","017872",45,16824
"expt 1","017872",46,5567
"expt 1","017872",47,6331
"expt 1","017872",48,14234
"expt 1","017872",49,7278
"expt 1","017872",50,12026
"expt 1","017872",51,15811
"expt 1","017872",52,3592
"expt 1","017872",53,8124
"expt 1","017872",54,10549
"expt 1","017872",55,7161
"expt 1","017872",56,8357
"expt 1","017872",57,4787
"expt 1","017872",58,11329
"expt 1","017872",59,14550
"expt 1","017872",60,7959
"expt 1","017872",61,3044
"expt 1","017872",62,4522
"expt 1","017872",63,3559
"expt 1","018536",0,4273
"expt 1","018536",1,13720
"expt 1","018536",2,21207
"expt 1","018536",3,9519
"expt 1","018536",4,1998
"expt 1","018536",5,21705
"expt 1","018536",6,8772
"expt 1","018536",7,5037
"expt 1","018536",8,14699
"expt 1","018536",9,18302
"expt 1","018536",10,4887
"expt 1","018536",11,11976
"expt 1","018536",12,12956
"expt 1","018536",13,3509
"expt 1","018536",14,6846
"expt 1","018536",15,5584
"expt 1","018536",16,13039
"expt 1","018536",17,2845
"expt 1","018536",18,2131
"expt 1","018536",19,2613
"expt 1","018536",20,4489
"expt 1","018536",21,15214
"expt 1","018536",22,4588
"expt 1","018536",23,4007
"expt 1","018536",24,17471
"expt 1","018536",25,2762
"expt 1","018536",26,7793
"expt 1","018536",27,3111
"expt 1","018536",28,8589
"expt 1","018536",29,27616
"expt 1","018536",30,12723
"expt 1","018536",31,10033
"expt 1","018536",32,3858
"expt 1","018536",33,11080
"expt 1","018536",34,6265
"expt 1","018536",35,8208
"expt 1","018536",36,7294
"expt 1","018536",37,7991
"expt 1","018536",38,3443
"expt 1","018536",39,2248
"expt 1","018536",40,13802
"expt 1","018536",41,2497
"expt 1","018536",42,2081
"expt 1","018536",43,2048
"expt 1","018536",44,2015
"expt 1","018536",45,1981
"expt 1","018536",46,3243
"expt 1","018536",47,7311
"expt 1","018536",48,5734
"expt 1","018536",49,3426
"expt 1","018536",50,5253
"expt 1","018536",51,5634
"expt 1","018536",52,6116
"expt 1","018536",53,6697
"expt 1","018536",54,9536
"expt 1","018536",55,1981
"expt 1","018536",56,1832
"expt 1","018536",57,2081
"expt 1","018536",58,2131
"expt 1","018536",59,2048
"expt 1","018536",60,11628
"expt 1","018536",61,5751
"expt 1","018536",62,5169
"expt 1","018536",63,1981
"expt 1","019104",0,5419
"expt 1","019104",1,2479
"expt 1","019104",2,2828
"expt 1","019104",3,2497
"expt 1","019104",4,3410
"expt 1","019104",5,2978
"expt 1","019104",6,2563
"expt 1","019104",7,2413
"expt 1","019104",8,3559
"expt 1","019104",9,2796
"expt 1","019104",10,2463
"expt 1","019104",11,2529
"expt 1","019104",12,2280
"expt 1","019104",13,2878
"expt 1","019104",14,3559
"expt 1","019104",15,3891
"expt 1","019104",16,3658
"expt 1","019104",17,3724
"expt 1","019104",18,3642
"expt 1","019104",19,3840
"expt 1","019104",20,1931
"expt 1","019104",21,3044
"expt 1","019104",22,2530
"expt 1","019104",23,2231
"expt 1","019104",24,2015
"expt 1","019104",25,3526
"expt 1","019104",26,3741
"expt 1","019104",27,4073
"expt 1","019104",28,1932
"expt 1","019104",29,3459
"expt 1","019104",30,2164
"expt 1","019104",31,3393
"expt 1","019104",32,2181
"expt 1","019104",33,2065
"expt 1","019104",34,1881
"expt 1","019104",35,3427
"expt 1","019104",36,1948
"expt 1","019104",37,3260
"expt 1","019104",38,2646
"expt 1","019104",39,3176
"expt 1","019104",40,2613
"expt 1","019104",41,2895
"expt 1","019104",42,2861
"expt 1","019104",43,2612
"expt 1","019104",44,2994
"expt 1","019104",45,1998
"expt 1","019104",46,2696
"expt 1","019104",47,3675
"expt 1","019104",48,3658
"expt 1","019104",49,1848
"expt 1","019104",50,6730
"expt 1","019104",51,2313
"expt 1","019104",52,3443
"expt 1","019104",53,2164
"expt 1","019104",54,3244
"expt 1","019104",55,3526
"expt 1","019104",56,3941
"expt 1","019104",57,4471
"expt 1","019104",58,3509
"expt 1","019104",59,3459
"expt 1","019104",60,2114
"expt 1","019104",61,2197
"expt 1","019104",62,2977
"expt 1","019104",63,2098
"expt 1","020536",0,5335
"expt 1","020536",1,13786
"expt 1","020536",2,16358
"expt 1","020536",3,5833
"expt 1","020536",4,12474
"expt 1","020536",5,13703
"expt 1","020536",6,11959
"expt 1","020536",7,7211
"expt 1","020536",8,6431
"expt 1","020536",9,7277
"expt 1","020536",10,10316
"expt 1","020536",11,10432
"expt 1","020536",12,6697
"expt 1","020536",13,10598
"expt 1","020536",14,10465
"expt 1","020536",15,12109
"expt 1","020536",16,6182
"expt 1","020536",17,6896
"expt 1","020536",18,7759
"expt 1","020536",19,12142
"expt 1","020536",20,7261
"expt 1","020536",21,9851
"expt 1","020536",22,9868
"expt 1","020536",23,8108
"expt 1","020536",24,5285
"expt 1","020536",25,5552
"expt 1","020536",26,9353
"expt 1","020536",27,4522
"expt 1","020536",28,3774
"expt 1","020536",29,4688
"expt 1","020536",30,4223
"expt 1","020536",31,8141
"expt 1","020536",32,5385
"expt 1","020536",33,22785
"expt 1","020536",34,7393
"expt 1","020536",35,3708
"expt 1","020536",36,4953
"expt 1","020536",37,4953
"expt 1","020536",38,3625
"expt 1","020536",39,4173
"expt 1","020536",40,4373
"expt 1","020536",41,7327
"expt 1","020536",42,5468
"expt 1","020536",43,3442
"expt 1","020536",44,4190
"expt 1","020536",45,5634
"expt 1","020536",46,5103
"expt 1","020536",47,6315
"expt 1","020536",48,10963
"expt 1","020536",49,4356
"expt 1","020536",50,4372
"expt 1","020536",51,3559
"expt 1","020536",52,3210
"expt 1","020536",53,3193
"expt 1","020536",54,3609
"expt 1","020536",55,4107
"expt 1","020536",56,3427
"expt 1","020536",57,3858
"expt 1","020536",58,3641
"expt 1","020536",59,5269
"expt 1","020536",60,3608
"expt 1","020536",61,3543
"expt 1","020536",62,8158
"expt 1","020536",63,8158
"expt 1","021872",0,6348
"expt 1","021872",1,2562
"expt 1","021872",2,2945
"expt 1","021872",3,3692
"expt 1","021872",4,2928
"expt 1","021872",5,2645
"expt 1","021872",6,3376
"expt 1","021872",7,2247
"expt 1","021872",8,2264
"expt 1","021872",9,2082
"expt 1","021872",10,2347
"expt 1","021872",11,2247
"expt 1","021872",12,1865
"expt 1","021872",13,1832
"expt 1","021872",14,2081
"expt 1","021872",15,2945
"expt 1","021872",16,2032
"expt 1","021872",17,1982
"expt 1","021872",18,2048
"expt 1","021872",19,3409
"expt 1","021872",20,1882
"expt 1","021872",21,2015
"expt 1","021872",22,1915
"expt 1","021872",23,1783
"expt 1","021872",24,2446
"expt 1","021872",25,1882
"expt 1","021872",26,1965
"expt 1","021872",27,1633
"expt 1","021872",28,1633
"expt 1","021872",29,1998
"expt 1","021872",30,1749
"expt 1","021872",31,2147
"expt 1","021872",32,1948
"expt 1","021872",33,2364
"expt 1","021872",34,3259
"expt 1","021872",35,1832
"expt 1","021872",36,1998
"expt 1","021872",37,1849
"expt 1","021872",38,2314
"expt 1","021872",39,1832
"expt 1","021872",40,1865
"expt 1","021872",41,1782
"expt 1","021872",42,1899
"expt 1","021872",43,2845
"expt 1","021872",44,2728
"expt 1","021872",45,1932
"expt 1","021872",46,2180
"expt 1","021872",47,2429
"expt 1","021872",48,2064
"expt 1","021872",49,2214
"expt 1","021872",50,1849
"expt 1","021872",51,1849
"expt 1","021872",52,2114
"expt 1","021872",53,1600
"expt 1","021872",54,2098
"expt 1","021872",55,1848
"expt 1","021872",56,1533
"expt 1","021872",57,1766
"expt 1","021872",58,2032
"expt 1","021872",59,2031
"expt 1","021872",60,2430
"expt 1","021872",61,1832
"expt 1","021872",62,2596
"expt 1","021872",63,2413
"expt 1","022384",0,3127
"expt 1","022384",1,3243
"expt 1","022384",2,2164
"expt 1","022384",3,2711
"expt 1","022384",4,3227
"expt 1","022384",5,4090
"expt 1","022384",6,4921
"expt 1","022384",7,3625
"expt 1","022384",8,3410
"expt 1","022384",9,3592
"expt 1","022384",10,2629
"expt 1","022384",11,3675
"expt 1","022384",12,4389
"expt 1","022384",13,2978
"expt 1","022384",14,2247
"expt 1","022384",15,3476
"expt 1","022384",16,3127
"expt 1","022384",17,3841
"expt 1","022384",18,4422
"expt 1","022384",19,1932
"expt 1","022384",20,2131
"expt 1","022384",21,5534
"expt 1","022384",22,3393
"expt 1","022384",23,2862
"expt 1","022384",24,2231
"expt 1","022384",25,1948
"expt 1","022384",26,2330
"expt 1","022384",27,2463
"expt 1","022384",28,3907
"expt 1","022384",29,1948
"expt 1","022384",30,2280
"expt 1","022384",31,3940
"expt 1","022384",32,3459
"expt 1","022384",33,4090
"expt 1","022384",34,2430
"expt 1","022384",35,2612
"expt 1","022384",36,1899
"expt 1","022384",37,2396
"expt 1","022384",38,3194
"expt 1","022384",39,2247
"expt 1","022384",40,2330
"expt 1","022384",41,2728
"expt 1","022384",42,2762
"expt 1","022384",43,3675
"expt 1","022384",44,4074
"expt 1","022384",45,2330
"expt 1","022384",46,2114
"expt 1","022384",47,2066
"expt 1","022384",48,1915
"expt 1","022384",49,2945
"expt 1","022384",50,2197
"expt 1","022384",51,2497
"expt 1","022384",52,2479
"expt 1","022384",53,1965
"expt 1","022384",54,2065
"expt 1","022384",55,2131
"expt 1","022384",56,2529
"expt 1","022384",57,1915
"expt 1","022384",58,2347
"expt 1","022384",59,3294
"expt 1","022384",60,1849
"expt 1","022384",61,2513
"expt 1","022384",62,2015
"expt 1","022384",63,1666
"expt 1","023256",0,6514
"expt 1","023256",1,10781
"expt 1","023256",2,12890
"expt 1","023256",3,9005
"expt 1","023256",4,13205
"expt 1","023256",5,3078
"expt 1","023256",6,2463
"expt 1","023256",7,2463
"expt 1","023256",8,9453
"expt 1","023256",9,4904
"expt 1","023256",10,3692
"expt 1","023256",11,7825
"expt 1","023256",12,6315
"expt 1","023256",13,8473
"expt 1","023256",14,4755
"expt 1","023256",15,8108
"expt 1","023256",16,13288
"expt 1","023256",17,2911
"expt 1","023256",18,2081
"expt 1","023256",19,2695
"expt 1","023256",20,2330
"expt 1","023256",21,4588
"expt 1","023256",22,7809
"expt 1","023256",23,13720
"expt 1","023256",24,4953
"expt 1","023256",25,4190
"expt 1","023256",26,4854
"expt 1","023256",27,7842
"expt 1","023256",28,5219
"expt 1","023256",29,3741
"expt 1","023256",30,3409
"expt 1","023256",31,2629
"expt 1","023256",32,4007
"expt 1","023256",33,7078
"expt 1","023256",34,7062
"expt 1","023256",35,7361
"expt 1","023256",36,3542
"expt 1","023256",37,3409
"expt 1","023256",38,2812
"expt 1","023256",39,1915
"expt 1","023256",40,2944
"expt 1","023256",41,7012
"expt 1","023256",42,5667
"expt 1","023256",43,7510
"expt 1","023256",44,5469
"expt 1","023256",45,6298
"expt 1","023256",46,2696
"expt 1","023256",47,2812
"expt 1","023256",48,5302
"expt 1","023256",49,4206
"expt 1","023256",50,2712
"expt 1","023256",51,3293
"expt 1","023256",52,5501
"expt 1","023256",53,3576
"expt 1","023256",54,10184
"expt 1","023256",55,8307
"expt 1","023256",56,14400
"expt 1","023256",57,2762
"expt 1","023256",58,2231
"expt 1","023256",59,3161
"expt 1","023256",60,2330
"expt 1","023256",61,2695
"expt 1","023256",62,1865
"expt 1","023256",63,2546
"expt 1","024640",0,99805
"expt 1","024640",1,36680
"expt 1","024640",2,32679
"expt 1","024640",3,55707
"expt 1","024640",4,16708
"expt 1","024640",5,14052
"expt 1","024640",6,7328
"expt 1","024640",7,42343
"expt 1","024640",8,41844
"expt 1","024640",9,7809
"expt 1","024640",10,30205
"expt 1","024640",11,6116
"expt 1","024640",12,23100
"expt 1","024640",13,25690
"expt 1","024640",14,14234
"expt 1","024640",15,3692
"expt 1","024640",16,3957
"expt 1","024640",17,12541
"expt 1","024640",18,15961
"expt 1","024640",19,28562
"expt 1","024640",20,12873
"expt 1","024640",21,8390
"expt 1","024640",22,3492
"expt 1","024640",23,2961
"expt 1","024640",24,14981
"expt 1","024640",25,13288
"expt 1","024640",26,14533
"expt 1","024640",27,30306
"expt 1","024640",28,5917
"expt 1","024640",29,4971
"expt 1","024640",30,24362
"expt 1","024640",31,12308
"expt 1","024640",32,27351
"expt 1","024640",33,4854
"expt 1","024640",34,5235
"expt 1","024640",35,21323
"expt 1","024640",36,47373
"expt 1","024640",37,8904
"expt 1","024640",38,12624
"expt 1","024640",39,24661
"expt 1","024640",40,11893
"expt 1","024640",41,20643
"expt 1","024640",42,9536
"expt 1","024640",43,17754
"expt 1","024640",44,5800
"expt 1","024640",45,2729
"expt 1","024640",46,12607
"expt 1","024640",47,28280
"expt 1","024640",48,15845
"expt 1","024640",49,21307
"expt 1","024640",50,13371
"expt 1","024640",51,4289
"expt 1","024640",52,4439
"expt 1","024640",53,27251
"expt 1","024640",54,5883
"expt 1","024640",55,3327
"expt 1","024640",56,5816
"expt 1","024640",57,14533
"expt 1","024640",58,5485
"expt 1","024640",59,11926
"expt 1","024640",60,11993
"expt 1","024640",61,4605
"expt 1","024640",62,5668
"expt 1","024640",63,15895
"expt 1","025488",0,4837
"expt 1","025488",1,3010
"expt 1","025488",2,14981
"expt 1","025488",3,9967
"expt 1","025488",4,7294
"expt 1","025488",5,3923
"expt 1","025488",6,9104
"expt 1","025488",7,5285
"expt 1","025488",8,3691
"expt 1","025488",9,3409
"expt 1","025488",10,9187
"expt 1","025488",11,6729
"expt 1","025488",12,2430
"expt 1","025488",13,2695
"expt 1","025488",14,9187
"expt 1","025488",15,6763
"expt 1","025488",16,4074
"expt 1","025488",17,7427
"expt 1","025488",18,10681
"expt 1","025488",19,4156
"expt 1","025488",20,2645
"expt 1","025488",21,7609
"expt 1","025488",22,5833
"expt 1","025488",23,8473
"expt 1","025488",24,4903
"expt 1","025488",25,7161
"expt 1","025488",26,4372
"expt 1","025488",27,2862
"expt 1","025488",28,3775
"expt 1","025488",29,11329
"expt 1","025488",30,2745
"expt 1","025488",31,2912
"expt 1","025488",32,2430
"expt 1","025488",33,4306
"expt 1","025488",34,7211
"expt 1","025488",35,4289
"expt 1","025488",36,5518
"expt 1","025488",37,2131
"expt 1","025488",38,7859
"expt 1","025488",39,7627
"expt 1","025488",40,4671
"expt 1","025488",41,4222
"expt 1","025488",42,2463
"expt 1","025488",43,4040
"expt 1","025488",44,2945
"expt 1","025488",45,6497
"expt 1","025488",46,3658
"expt 1","025488",47,3326
"expt 1","025488",48,2546
"expt 1","025488",49,2396
"expt 1","025488",50,2180
"expt 1","025488",51,3592
"expt 1","025488",52,3442
"expt 1","025488",53,17770
"expt 1","025488",54,2978
"expt 1","025488",55,9536
"expt 1","025488",56,5451
"expt 1","025488",57,7792
"expt 1","025488",58,7277
"expt 1","025488",59,3559
"expt 1","025488",60,7742
"expt 1","025488",61,8506
"expt 1","025488",62,7692
"expt 1","025488",63,7211
"expt 1","026000",0,76943
"expt 1","026000",1,32563
"expt 1","026000",2,9154
"expt 1","026000",3,55027
"expt 1","026000",4,20394
"expt 1","026000",5,8573
"expt 1","026000",6,58581
"expt 1","026000",7,36482
"expt 1","026000",8,20859
"expt 1","026000",9,10399
"expt 1","026000",10,24744
"expt 1","026000",11,5087
"expt 1","026000",12,10317
"expt 1","026000",13,10399
"expt 1","026000",14,35303
"expt 1","026000",15,5003
"expt 1","026000",16,4571
"expt 1","026000",17,12823
"expt 1","026000",18,12873
"expt 1","026000",19,7361
"expt 1","026000",20,8972
"expt 1","026000",21,5831
"expt 1","026000",22,4621
"expt 1","026000",23,23880
"expt 1","026000",24,11545
"expt 1","026000",25,14218
"expt 1","026000",26,17654
"expt 1","026000",27,23150
"expt 1","026000",28,12341
"expt 1","026000",29,5236
"expt 1","026000",30,7693
"expt 1","026000",31,5102
"expt 1","026000",32,5784
"expt 1","026000",33,5268
"expt 1","026000",34,10631
"expt 1","026000",35,20592
"expt 1","026000",36,8473
"expt 1","026000",37,9137
"expt 1","026000",38,8158
"expt 1","026000",39,10531
"expt 1","026000",40,8706
"expt 1","026000",41,5368
"expt 1","026000",42,3708
"expt 1","026000",43,7909
"expt 1","026000",44,20725
"expt 1","026000",45,4588
"expt 1","026000",46,4655
"expt 1","026000",47,11993
"expt 1","026000",48,6365
"expt 1","026000",49,4373
"expt 1","026000",50,5585
"expt 1","026000",51,3891
"expt 1","026000",52,4173
"expt 1","026000",53,10184
"expt 1","026000",54,9635
"expt 1","026000",55,8141
"expt 1","026000",56,14550
"expt 1","026000",57,16093
"expt 1","026000",58,10615
"expt 1","026000",59,13653
"expt 1","026000",60,4904
"expt 1","026000",61,6863
"expt 1","026000",62,7859
"expt 1","026000",63,6696
"expt 1","027720",0,5551
"expt 1","027720",1,6266
"expt 1","027720",2,7826
"expt 1","027720",3,14334
"expt 1","027720",4,5917
"expt 1","027720",5,10498
"expt 1","027720",6,4820
"expt 1","027720",7,10168
"expt 1","027720",8,7759
"expt 1","027720",9,5669
"expt 1","027720",10,8075
"expt 1","027720",11,5202
"expt 1","027720",12,4721
"expt 1","027720",13,10967
"expt 1","027720",14,10432
"expt 1","027720",15,4356
"expt 1","027720",16,6017
"expt 1","027720",17,2928
"expt 1","027720",18,10399
"expt 1","027720",19,2797
"expt 1","027720",20,7593
"expt 1","027720",21,5071
"expt 1","027720",22,7926
"expt 1","027720",23,6481
"expt 1","027720",24,2264
"expt 1","027720",25,3692
"expt 1","027720",26,2314
"expt 1","027720",27,3959
"expt 1","027720",28,7858
"expt 1","027720",29,7510
"expt 1","027720",30,5369
"expt 1","027720",31,4341
"expt 1","027720",32,2164
"expt 1","027720",33,8307
"expt 1","027720",34,7711
"expt 1","027720",35,3459
"expt 1","027720",36,6136
"expt 1","027720",37,5800
"expt 1","027720",38,3377
"expt 1","027720",39,5519
"expt 1","027720",40,3326
"expt 1","027720",41,3261
"expt 1","027720",42,6251
"expt 1","027720",43,3127
"expt 1","027720",44,9041
"expt 1","027720",45,10349
"expt 1","027720",46,4223
"expt 1","027720",47,5734
"expt 1","027720",48,4489
"expt 1","027720",49,7613
"expt 1","027720",50,3741
"expt 1","027720",51,4671
"expt 1","027720",52,2746
"expt 1","027720",53,3427
"expt 1","027720",54,4290
"expt 1","027720",55,10019
"expt 1","027720",56,9554
"expt 1","027720",57,6767
"expt 1","027720",58,4671
"expt 1","027720",59,6168
"expt 1","027720",60,7161
"expt 1","027720",61,2812
"expt 1","027720",62,3078
"expt 1","027720",63,3145
"expt 1","028512",0,3294
"expt 1","028512",1,3293
"expt 1","028512",2,2729
"expt 1","028512",3,2961
"expt 1","028512",4,3924
"expt 1","028512",5,2065
"expt 1","028512",6,3359
"expt 1","028512",7,3210
"expt 1","028512",8,2181
"expt 1","028512",9,2214
"expt 1","028512",10,2761
"expt 1","028512",11,3193
"expt 1","028512",12,2264
"expt 1","028512",13,2148
"expt 1","028512",14,1932
"expt 1","028512",15,1965
"expt 1","028512",16,2198
"expt 1","028512",17,1798
"expt 1","028512",18,1948
"expt 1","028512",19,2148
"expt 1","028512",20,2048
"expt 1","028512",21,1948
"expt 1","028512",22,2712
"expt 1","028512",23,2098
"expt 1","028512",24,1766
"expt 1","028512",25,2463
"expt 1","028512",26,2114
"expt 1","028512",27,2098
"expt 1","028512",28,2164
"expt 1","028512",29,2031
"expt 1","028512",30,1799
"expt 1","028512",31,2596
"expt 1","028512",32,2978
"expt 1","028512",33,2596
"expt 1","028512",34,2347
"expt 1","028512",35,3443
"expt 1","028512",36,2314
"expt 1","028512",37,2447
"expt 1","028512",38,4355
"expt 1","028512",39,1948
"expt 1","028512",40,4571
"expt 1","028512",41,1733
"expt 1","028512",42,2147
"expt 1","028512",43,2280
"expt 1","028512",44,2214
"expt 1","028512",45,2331
"expt 1","028512",46,2496
"expt 1","028512",47,2529
"expt 1","028512",48,2746
"expt 1","028512",49,2098
"expt 1","028512",50,2613
"expt 1","028512",51,2646
"expt 1","028512",52,2463
"expt 1","028512",53,2214
"expt 1","028512",54,2247
"expt 1","028512",55,4140
"expt 1","028512",56,1998
"expt 1","028512",57,6464
"expt 1","028512",58,2081
"expt 1","028512",59,2098
"expt 1","028512",60,2380
"expt 1","028512",61,2645
"expt 1","028512",62,3177
"expt 1","028512",63,2380
"expt 1","029976",0,2297
"expt 1","029976",1,2330
"expt 1","029976",2,2463
"expt 1","029976",3,3276
"expt 1","029976",4,2629
"expt 1","029976",5,4771
"expt 1","029976",6,3775
"expt 1","029976",7,2895
"expt 1","029976",8,3858
"expt 1","029976",9,5352
"expt 1","029976",10,3708
"expt 1","029976",11,4157
"expt 1","029976",12,3177
"expt 1","029976",13,2978
"expt 1","029976",14,4837
"expt 1","029976",15,3509
"expt 1","029976",16,5468
"expt 1","029976",17,5868
"expt 1","029976",18,6448
"expt 1","029976",19,4837
"expt 1","029976",20,4057
"expt 1","029976",21,4704
"expt 1","029976",22,5020
"expt 1","029976",23,4456
"expt 1","029976",24,6165
"expt 1","029976",25,6782
"expt 1","029976",26,4357
"expt 1","029976",27,5269
"expt 1","029976",28,2313
"expt 1","029976",29,2546
"expt 1","029976",30,2497
"expt 1","029976",31,2297
"expt 1","029976",32,2165
"expt 1","029976",33,1931
"expt 1","029976",34,2713
"expt 1","029976",35,4306
"expt 1","029976",36,3694
"expt 1","029976",37,3642
"expt 1","029976",38,5933
"expt 1","029976",39,4987
"expt 1","029976",40,4439
"expt 1","029976",41,2198
"expt 1","029976",42,6913
"expt 1","029976",43,2313
"expt 1","029976",44,2912
"expt 1","029976",45,2679
"expt 1","029976",46,7908
"expt 1","029976",47,3163
"expt 1","029976",48,2214
"expt 1","029976",49,2131
"expt 1","029976",50,2297
"expt 1","029976",51,3907
"expt 1","029976",52,5651
"expt 1","029976",53,4239
"expt 1","029976",54,4720
"expt 1","029976",55,7892
"expt 1","029976",56,4854
"expt 1","029976",57,7462
"expt 1","029976",58,5834
"expt 1","029976",59,4539
"expt 1","029976",60,3808
"expt 1","029976",61,2396
"expt 1","029976",62,4439
"expt 1","029976",63,4107
"expt 1","030384",0,2380
"expt 1","030384",1,2363
"expt 1","030384",2,2963
"expt 1","030384",3,2745
"expt 1","030384",4,2746
"expt 1","030384",5,3144
"expt 1","030384",6,3343
"expt 1","030384",7,2929
"expt 1","030384",8,3609
"expt 1","030384",9,2895
"expt 1","030384",10,2546
"expt 1","030384",11,2662
"expt 1","030384",12,3476
"expt 1","030384",13,3542
"expt 1","030384",14,3393
"expt 1","030384",15,3874
"expt 1","030384",16,3774
"expt 1","030384",17,4704
"expt 1","030384",18,2712
"expt 1","030384",19,3260
"expt 1","030384",20,2098
"expt 1","030384",21,2978
"expt 1","030384",22,2579
"expt 1","030384",23,2363
"expt 1","030384",24,2513
"expt 1","030384",25,2945
"expt 1","030384",26,2447
"expt 1","030384",27,2662
"expt 1","030384",28,2878
"expt 1","030384",29,3094
"expt 1","030384",30,2596
"expt 1","030384",31,2879
"expt 1","030384",32,2912
"expt 1","030384",33,2994
"expt 1","030384",34,3177
"expt 1","030384",35,2928
"expt 1","030384",36,3725
"expt 1","030384",37,3394
"expt 1","030384",38,3193
"expt 1","030384",39,3078
"expt 1","030384",40,3277
"expt 1","030384",41,2430
"expt 1","030384",42,2828
"expt 1","030384",43,3293
"expt 1","030384",44,3475
"expt 1","030384",45,3376
"expt 1","030384",46,3924
"expt 1","030384",47,4324
"expt 1","030384",48,3409
"expt 1","030384",49,3990
"expt 1","030384",50,2463
"expt 1","030384",51,3144
"expt 1","030384",52,3608
"expt 1","030384",53,3675
"expt 1","030384",54,3061
"expt 1","030384",55,3194
"expt 1","030384",56,4024
"expt 1","030384",57,4024
"expt 1","030384",58,3758
"expt 1","030384",59,2629
"expt 1","030384",60,2828
"expt 1","030384",61,2729
"expt 1","030384",62,3393
"expt 1","030384",63,3310
"expt 1","031744",0,8125
"expt 1","031744",1,5934
"expt 1","031744",2,5285
"expt 1","031744",3,10316
"expt 1","031744",4,7560
"expt 1","031744",5,8092
"expt 1","031744",6,4920
"expt 1","031744",7,6298
"expt 1","031744",8,7610
"expt 1","031744",9,11462
"expt 1","031744",10,4820
"expt 1","031744",11,7178
"expt 1","031744",12,4970
"expt 1","031744",13,11960
"expt 1","031744",14,7113
"expt 1","031744",15,4970
"expt 1","031744",16,2563
"expt 1","031744",17,4090
"expt 1","031744",18,3360
"expt 1","031744",19,5053
"expt 1","031744",20,5120
"expt 1","031744",21,2728
"expt 1","031744",22,6248
"expt 1","031744",23,2945
"expt 1","031744",24,4804
"expt 1","031744",25,3974
"expt 1","031744",26,6049
"expt 1","031744",27,4175
"expt 1","031744",28,4738
"expt 1","031744",29,4754
"expt 1","031744",30,3509
"expt 1","031744",31,3908
"expt 1","031744",32,5751
"expt 1","031744",33,6880
"expt 1","031744",34,14068
"expt 1","031744",35,4273
"expt 1","031744",36,3675
"expt 1","031744",37,5551
"expt 1","031744",38,8291
"expt 1","031744",39,7991
"expt 1","031744",40,10216
"expt 1","031744",41,3359
"expt 1","031744",42,3575
"expt 1","031744",43,3494
"expt 1","031744",44,5335
"expt 1","031744",45,5070
"expt 1","031744",46,4621
"expt 1","031744",47,4306
"expt 1","031744",48,5435
"expt 1","031744",49,5634
"expt 1","031744",50,4090
"expt 1","031744",51,4505
"expt 1","031744",52,5436
"expt 1","031744",53,5071
"expt 1","031744",54,2114
"expt 1","031744",55,2695
"expt 1","031744",56,3276
"expt 1","031744",57,4606
"expt 1","031744",58,4222
"expt 1","031744",59,3775
"expt 1","031744",60,3210
"expt 1","031744",61,2814
"expt 1","031744",62,3841
"expt 1","031744",63,2214
"expt 1","032744",0,2248
"expt 1","032744",1,2131
"expt 1","032744",2,1948
"expt 1","032744",3,2695
"expt 1","032744",4,2463
"expt 1","032744",5,1981
"expt 1","032744",6,2895
"expt 1","032744",7,2281
"expt 1","032744",8,1949
"expt 1","032744",9,1417
"expt 1","032744",10,1849
"expt 1","032744",11,919
"expt 1","032744",12,969
"expt 1","032744",13,869
"expt 1","032744",14,1815
"expt 1","032744",15,2364
"expt 1","032744",16,1650
"expt 1","032744",17,1733
"expt 1","032744",18,1882
"expt 1","032744",19,1567
"expt 1","032744",20,1832
"expt 1","032744",21,1783
"expt 1","032744",22,1782
"expt 1","032744",23,1716
"expt 1","032744",24,1766
"expt 1","032744",25,1700
"expt 1","032744",26,1617
"expt 1","032744",27,2297
"expt 1","032744",28,1883
"expt 1","032744",29,1982
"expt 1","032744",30,1716
"expt 1","032744",31,1732
"expt 1","032744",32,1815
"expt 1","032744",33,1583
"expt 1","032744",34,1716
"expt 1","032744",35,2065
"expt 1","032744",36,1915
"expt 1","032744",37,1633
"expt 1","032744",38,1749
"expt 1","032744",39,1833
"expt 1","032744",40,2446
"expt 1","032744",41,2264
"expt 1","032744",42,2198
"expt 1","032744",43,2148
"expt 1","032744",44,1982
"expt 1","032744",45,2828
"expt 1","032744",46,3110
"expt 1","032744",47,4373
"expt 1","032744",48,2098
"expt 1","032744",49,8125
"expt 1","032744",50,1949
"expt 1","032744",51,2214
"expt 1","032744",52,1899
"expt 1","032744",53,1998
"expt 1","032744",54,2546
"expt 1","032744",55,2695
"expt 1","032744",56,3094
"expt 1","032744",57,1882
"expt 1","032744",58,2098
"expt 1","032744",59,4007
"expt 1","032744",60,2048
"expt 1","032744",61,1218
"expt 1","032744",62,902
"expt 1","032744",63,1218
"expt 1","033744",0,13022
"expt 1","033744",1,23200
"expt 1","033744",2,17223
"expt 1","033744",3,16060
"expt 1","033744",4,15479
"expt 1","033744",5,15114
"expt 1","033744",6,10382
"expt 1","033744",7,14698
"expt 1","033744",8,9802
"expt 1","033744",9,9552
"expt 1","033744",10,15795
"expt 1","033744",11,11761
"expt 1","033744",12,13437
"expt 1","033744",13,7643
"expt 1","033744",14,10897
"expt 1","033744",15,8938
"expt 1","033744",16,8440
"expt 1","033744",17,10781
"expt 1","033744",18,15214
"expt 1","033744",19,14832
"expt 1","033744",20,9286
"expt 1","033744",21,7510
"expt 1","033744",22,8025
"expt 1","033744",23,17886
"expt 1","033744",24,19663
"expt 1","033744",25,12159
"expt 1","033744",26,5501
"expt 1","033744",27,12342
"expt 1","033744",28,11378
"expt 1","033744",29,12657
"expt 1","033744",30,9536
"expt 1","033744",31,8308
"expt 1","033744",32,7012
"expt 1","033744",33,16608
"expt 1","033744",34,15911
"expt 1","033744",35,9320
"expt 1","033744",36,6879
"expt 1","033744",37,3642
"expt 1","033744",38,9387
"expt 1","033744",39,9585
"expt 1","033744",40,5468
"expt 1","033744",41,3144
"expt 1","033744",42,7460
"expt 1","033744",43,6398
"expt 1","033744",44,11162
"expt 1","033744",45,4853
"expt 1","033744",46,6431
"expt 1","033744",47,8008
"expt 1","033744",48,6913
"expt 1","033744",49,3193
"expt 1","033744",50,6514
"expt 1","033744",51,3044
"expt 1","033744",52,3675
"expt 1","033744",53,13952
"expt 1","033744",54,11910
"expt 1","033744",55,13785
"expt 1","033744",56,12840
"expt 1","033744",57,12258
"expt 1","033744",58,3276
"expt 1","033744",59,2629
"expt 1","033744",60,13769
"expt 1","033744",61,3161
"expt 1","033744",62,8755
"expt 1","033744",63,9503
"expt 1","034024",0,19497
"expt 1","034024",1,14103
"expt 1","034024",2,18484
"expt 1","034024",3,11229
"expt 1","034024",4,3526
"expt 1","034024",5,12424
"expt 1","034024",6,6132
"expt 1","034024",7,10067
"expt 1","034024",8,17156
"expt 1","034024",9,10615
"expt 1","034024",10,6763
"expt 1","034024",11,4987
"expt 1","034024",12,19863
"expt 1","034024",13,14583
"expt 1","034024",14,9420
"expt 1","034024",15,8025
"expt 1","034024",16,12043
"expt 1","034024",17,7411
"expt 1","034024",18,10549
"expt 1","034024",19,11595
"expt 1","034024",20,4820
"expt 1","034024",21,2812
"expt 1","034024",22,10498
"expt 1","034024",23,8107
"expt 1","034024",24,2164
"expt 1","034024",25,17987
"expt 1","034024",26,2795
"expt 1","034024",27,3758
"expt 1","034024",28,4521
"expt 1","034024",29,2978
"expt 1","034024",30,5618
"expt 1","034024",31,2363
"expt 1","034024",32,2297
"expt 1","034024",33,3227
"expt 1","034024",34,10466
"expt 1","034024",35,1899
"expt 1","034024",36,3210
"expt 1","034024",37,10549
"expt 1","034024",38,3543
"expt 1","034024",39,2313
"expt 1","034024",40,2480
"expt 1","034024",41,3127
"expt 1","034024",42,2928
"expt 1","034024",43,2181
"expt 1","034024",44,20760
"expt 1","034024",45,3758
"expt 1","034024",46,2347
"expt 1","034024",47,2313
"expt 1","034024",48,3525
"expt 1","034024",49,12873
"expt 1","034024",50,7842
"expt 1","034024",51,2147
"expt 1","034024",52,2978
"expt 1","034024",53,4771
"expt 1","034024",54,2396
"expt 1","034024",55,12392
"expt 1","034024",56,8025
"expt 1","034024",57,2032
"expt 1","034024",58,2015
"expt 1","034024",59,2331
"expt 1","034024",60,1898
"expt 1","034024",61,2646
"expt 1","034024",62,2214
"expt 1","034024",63,2263
"expt 1","035128",0,3940
"expt 1","035128",1,4190
"expt 1","035128",2,3425
"expt 1","035128",3,2396
"expt 1","035128",4,1932
"expt 1","035128",5,13354
"expt 1","035128",6,2679
"expt 1","035128",7,7709
"expt 1","035128",8,13221
"expt 1","035128",9,9336
"expt 1","035128",10,7145
"expt 1","035128",11,8058
"expt 1","035128",12,2894
"expt 1","035128",13,13637
"expt 1","035128",14,2615
"expt 1","035128",15,6896
"expt 1","035128",16,3857
"expt 1","035128",17,17538
"expt 1","035128",18,2447
"expt 1","035128",19,5634
"expt 1","035128",20,5534
"expt 1","035128",21,6598
"expt 1","035128",22,12806
"expt 1","035128",23,2695
"expt 1","035128",24,10615
"expt 1","035128",25,8987
"expt 1","035128",26,4123
"expt 1","035128",27,9486
"expt 1","035128",28,5401
"expt 1","035128",29,9137
"expt 1","035128",30,2861
"expt 1","035128",31,6912
"expt 1","035128",32,4240
"expt 1","035128",33,7860
"expt 1","035128",34,7858
"expt 1","035128",35,4389
"expt 1","035128",36,4588
"expt 1","035128",37,7576
"expt 1","035128",38,4239
"expt 1","035128",39,2662
"expt 1","035128",40,4953
"expt 1","035128",41,7643
"expt 1","035128",42,4438
"expt 1","035128",43,8374
"expt 1","035128",44,12358
"expt 1","035128",45,7095
"expt 1","035128",46,3293
"expt 1","035128",47,5950
"expt 1","035128",48,14168
"expt 1","035128",49,4024
"expt 1","035128",50,2429
"expt 1","035128",51,3742
"expt 1","035128",52,15596
"expt 1","035128",53,4007
"expt 1","035128",54,4472
"expt 1","035128",55,2713
"expt 1","035128",56,3327
"expt 1","035128",57,4323
"expt 1","035128",58,4074
"expt 1","035128",59,3675
"expt 1","035128",60,6862
"expt 1","035128",61,3276
"expt 1","035128",62,2147
"expt 1","035128",63,4422
"expt 1","036104",0,8988
"expt 1","036104",1,16293
"expt 1","036104",2,9320
"expt 1","036104",3,18435
"expt 1","036104",4,11777
"expt 1","036104",5,12524
"expt 1","036104",6,6564
"expt 1","036104",7,14002
"expt 1","036104",8,6431
"expt 1","036104",9,11080
"expt 1","036104",10,9320
"expt 1","036104",11,7760
"expt 1","036104",12,11761
"expt 1","036104",13,9104
"expt 1","036104",14,21423
"expt 1","036104",15,5518
"expt 1","036104",16,19697
"expt 1","036104",17,14948
"expt 1","036104",18,11843
"expt 1","036104",19,5351
"expt 1","036104",20,13686
"expt 1","036104",21,12607
"expt 1","036104",22,9751
"expt 1","036104",23,7660
"expt 1","036104",24,17206
"expt 1","036104",25,5933
"expt 1","036104",26,10349
"expt 1","036104",27,9171
"expt 1","036104",28,18036
"expt 1","036104",29,6249
"expt 1","036104",30,10715
"expt 1","036104",31,5585
"expt 1","036104",32,14118
"expt 1","036104",33,8291
"expt 1","036104",34,5352
"expt 1","036104",35,14483
"expt 1","036104",36,8623
"expt 1","036104",37,20975
"expt 1","036104",38,19962
"expt 1","036104",39,5883
"expt 1","036104",40,6232
"expt 1","036104",41,2745
"expt 1","036104",42,7826
"expt 1","036104",43,11860
"expt 1","036104",44,13852
"expt 1","036104",45,6166
"expt 1","036104",46,6414
"expt 1","036104",47,8690
"expt 1","036104",48,3808
"expt 1","036104",49,10150
"expt 1","036104",50,4655
"expt 1","036104",51,5601
"expt 1","036104",52,3509
"expt 1","036104",53,2562
"expt 1","036104",54,11179
"expt 1","036104",55,10233
"expt 1","036104",56,5269
"expt 1","036104",57,10051
"expt 1","036104",58,10466
"expt 1","036104",59,5983
"expt 1","036104",60,9951
"expt 1","036104",61,12375
"expt 1","036104",62,15280
"expt 1","036104",63,6746
"expt 1","037976",0,22552
"expt 1","037976",1,26405
"expt 1","037976",2,37262
"expt 1","037976",3,23980
"expt 1","037976",4,26604
"expt 1","037976",5,18368
"expt 1","037976",6,23250
"expt 1","037976",7,29757
"expt 1","037976",8,17057
"expt 1","037976",9,16094
"expt 1","037976",10,21008
"expt 1","037976",11,14616
"expt 1","037976",12,17821
"expt 1","037976",13,9353
"expt 1","037976",14,20909
"expt 1","037976",15,12076
"expt 1","037976",16,12475
"expt 1","037976",17,12955
"expt 1","037976",18,8706
"expt 1","037976",19,10814
"expt 1","037976",20,16525
"expt 1","037976",21,13836
"expt 1","037976",22,9021
"expt 1","037976",23,7926
"expt 1","037976",24,10482
"expt 1","037976",25,11594
"expt 1","037976",26,16692
"expt 1","037976",27,9702
"expt 1","037976",28,10433
"expt 1","037976",29,15579
"expt 1","037976",30,7925
"expt 1","037976",31,8075
"expt 1","037976",32,8855
"expt 1","037976",33,10914
"expt 1","037976",34,8556
"expt 1","037976",35,13736
"expt 1","037976",36,8788
"expt 1","037976",37,22967
"expt 1","037976",38,13155
"expt 1","037976",39,11727
"expt 1","037976",40,7261
"expt 1","037976",41,9768
"expt 1","037976",42,10200
"expt 1","037976",43,8506
"expt 1","037976",44,17339
"expt 1","037976",45,6547
"expt 1","037976",46,6082
"expt 1","037976",47,9619
"expt 1","037976",48,22403
"expt 1","037976",49,9851
"expt 1","037976",50,9918
"expt 1","037976",51,8473
"expt 1","037976",52,9486
"expt 1","037976",53,7892
"expt 1","037976",54,7859
"expt 1","037976",55,11927
"expt 1","037976",56,8490
"expt 1","037976",57,11694
"expt 1","037976",58,6647
"expt 1","037976",59,17771
"expt 1","037976",60,8955
"expt 1","037976",61,7892
"expt 1","037976",62,6281
"expt 1","037976",63,14102
"expt 1","038000",0,4173
"expt 1","038000",1,8191
"expt 1","038000",2,4621
"expt 1","038000",3,3609
"expt 1","038000",4,3476
"expt 1","038000",5,2728
"expt 1","038000",6,7959
"expt 1","038000",7,9170
"expt 1","038000",8,6083
"expt 1","038000",9,4521
"expt 1","038000",10,4488
"expt 1","038000",11,3160
"expt 1","038000",12,2977
"expt 1","038000",13,7609
"expt 1","038000",14,4339
"expt 1","038000",15,4671
"expt 1","038000",16,5302
"expt 1","038000",17,2894
"expt 1","038000",18,3094
"expt 1","038000",19,5650
"expt 1","038000",20,2845
"expt 1","038000",21,3310
"expt 1","038000",22,4106
"expt 1","038000",23,3276
"expt 1","038000",24,6033
"expt 1","038000",25,3608
"expt 1","038000",26,5003
"expt 1","038000",27,3210
"expt 1","038000",28,3691
"expt 1","038000",29,5501
"expt 1","038000",30,2977
"expt 1","038000",31,3724
"expt 1","038000",32,2911
"expt 1","038000",33,3376
"expt 1","038000",34,4373
"expt 1","038000",35,3193
"expt 1","038000",36,2696
"expt 1","038000",37,5833
"expt 1","038000",38,3110
"expt 1","038000",39,3990
"expt 1","038000",40,3509
"expt 1","038000",41,4024
"expt 1","038000",42,4206
"expt 1","038000",43,2928
"expt 1","038000",44,5916
"expt 1","038000",45,3077
"expt 1","038000",46,6282
"expt 1","038000",47,4456
"expt 1","038000",48,4588
"expt 1","038000",49,3260
"expt 1","038000",50,2794
"expt 1","038000",51,2879
"expt 1","038000",52,8889
"expt 1","038000",53,8241
"expt 1","038000",54,4140
"expt 1","038000",55,3575
"expt 1","038000",56,6846
"expt 1","038000",57,7460
"expt 1","038000",58,7178
"expt 1","038000",59,6647
"expt 1","038000",60,4040
"expt 1","038000",61,7477
"expt 1","038000",62,7826
"expt 1","038000",63,5883
"expt 1","039744",0,5534
"expt 1","039744",1,3294
"expt 1","039744",2,4987
"expt 1","039744",3,3376
"expt 1","039744",4,2097
"expt 1","039744",5,2131
"expt 1","039744",6,5286
"expt 1","039744",7,3161
"expt 1","039744",8,1766
"expt 1","039744",9,2612
"expt 1","039744",10,2978
"expt 1","039744",11,2396
"expt 1","039744",12,3890
"expt 1","039744",13,2778
"expt 1","039744",14,2297
"expt 1","039744",15,2679
"expt 1","039744",16,2779
"expt 1","039744",17,1882
"expt 1","039744",18,1500
"expt 1","039744",19,6879
"expt 1","039744",20,3593
"expt 1","039744",21,3011
"expt 1","039744",22,3575
"expt 1","039744",23,2214
"expt 1","039744",24,6016
"expt 1","039744",25,2065
"expt 1","039744",26,3974
"expt 1","039744",27,3675
"expt 1","039744",28,5152
"expt 1","039744",29,2977
"expt 1","039744",30,2663
"expt 1","039744",31,4073
"expt 1","039744",32,2894
"expt 1","039744",33,2529
"expt 1","039744",34,3741
"expt 1","039744",35,2015
"expt 1","039744",36,2812
"expt 1","039744",37,3093
"expt 1","039744",38,2580
"expt 1","039744",39,4389
"expt 1","039744",40,3908
"expt 1","039744",41,2562
"expt 1","039744",42,3426
"expt 1","039744",43,1981
"expt 1","039744",44,1965
"expt 1","039744",45,2894
"expt 1","039744",46,2214
"expt 1","039744",47,3045
"expt 1","039744",48,2878
"expt 1","039744",49,2198
"expt 1","039744",50,2862
"expt 1","039744",51,3276
"expt 1","039744",52,3576
"expt 1","039744",53,2928
"expt 1","039744",54,3410
"expt 1","039744",55,2397
"expt 1","039744",56,4754
"expt 1","039744",57,5269
"expt 1","039744",58,1865
"expt 1","039744",59,3559
"expt 1","039744",60,2845
"expt 1","039744",61,2048
"expt 1","039744",62,3775
"expt 1","039744",63,2695
"expt 1","040616",0,4373
"expt 1","040616",1,2862
"expt 1","040616",2,2513
"expt 1","040616",3,2729
"expt 1","040616",4,2961
"expt 1","040616",5,2861
"expt 1","040616",6,3176
"expt 1","040616",7,4688
"expt 1","040616",8,3692
"expt 1","040616",9,4256
"expt 1","040616",10,3692
"expt 1","040616",11,4521
"expt 1","040616",12,5800
"expt 1","040616",13,4306
"expt 1","040616",14,3908
"expt 1","040616",15,4074
"expt 1","040616",16,3443
"expt 1","040616",17,4173
"expt 1","040616",18,4106
"expt 1","040616",19,4090
"expt 1","040616",20,3293
"expt 1","040616",21,2912
"expt 1","040616",22,3309
"expt 1","040616",23,3475
"expt 1","040616",24,5369
"expt 1","040616",25,5452
"expt 1","040616",26,3659
"expt 1","040616",27,4953
"expt 1","040616",28,5717
"expt 1","040616",29,4090
"expt 1","040616",30,3543
"expt 1","040616",31,2546
"expt 1","040616",32,3426
"expt 1","040616",33,2612
"expt 1","040616",34,3592
"expt 1","040616",35,3144
"expt 1","040616",36,4040
"expt 1","040616",37,3343
"expt 1","040616",38,4090
"expt 1","040616",39,2944
"expt 1","040616",40,4190
"expt 1","040616",41,2612
"expt 1","040616",42,2878
"expt 1","040616",43,2330
"expt 1","040616",44,3476
"expt 1","040616",45,2995
"expt 1","040616",46,2795
"expt 1","040616",47,2712
"expt 1","040616",48,3028
"expt 1","040616",49,3974
"expt 1","040616",50,2994
"expt 1","040616",51,2895
"expt 1","040616",52,2596
"expt 1","040616",53,2762
"expt 1","040616",54,2878
"expt 1","040616",55,2928
"expt 1","040616",56,4456
"expt 1","040616",57,2961
"expt 1","040616",58,3310
"expt 1","040616",59,4920
"expt 1","040616",60,3244
"expt 1","040616",61,4987
"expt 1","040616",62,4488
"expt 1","040616",63,2496
"expt 1","041360",0,2247
"expt 1","041360",1,4355
"expt 1","041360",2,4273
"expt 1","041360",3,2082
"expt 1","041360",4,2230
"expt 1","041360",5,4306
"expt 1","041360",6,20012
"expt 1","041360",7,12756
"expt 1","041360",8,21124
"expt 1","041360",9,22104
"expt 1","041360",10,11129
"expt 1","041360",11,9619
"expt 1","041360",12,8971
"expt 1","041360",13,5833
"expt 1","041360",14,10764
"expt 1","041360",15,4969
"expt 1","041360",16,6181
"expt 1","041360",17,5402
"expt 1","041360",18,16077
"expt 1","041360",19,3808
"expt 1","041360",20,6962
"expt 1","041360",21,4588
"expt 1","041360",22,7809
"expt 1","041360",23,6964
"expt 1","041360",24,5236
"expt 1","041360",25,3442
"expt 1","041360",26,13404
"expt 1","041360",27,11196
"expt 1","041360",28,27267
"expt 1","041360",29,8274
"expt 1","041360",30,7261
"expt 1","041360",31,5767
"expt 1","041360",32,6430
"expt 1","041360",33,9037
"expt 1","041360",34,3642
"expt 1","041360",35,6664
"expt 1","041360",36,5019
"expt 1","041360",37,4306
"expt 1","041360",38,8191
"expt 1","041360",39,4771
"expt 1","041360",40,8888
"expt 1","041360",41,12508
"expt 1","041360",42,2828
"expt 1","041360",43,3824
"expt 1","041360",44,4140
"expt 1","041360",45,4057
"expt 1","041360",46,4140
"expt 1","041360",47,8688
"expt 1","041360",48,4754
"expt 1","041360",49,4173
"expt 1","041360",50,5900
"expt 1","041360",51,6962
"expt 1","041360",52,3824
"expt 1","041360",53,5850
"expt 1","041360",54,7593
"expt 1","041360",55,3475
"expt 1","041360",56,3078
"expt 1","041360",57,8407
"expt 1","041360",58,4522
"expt 1","041360",59,6149
"expt 1","041360",60,2596
"expt 1","041360",61,16874
"expt 1","041360",62,17223
"expt 1","041360",63,3775
"expt 1","042720",0,2978
"expt 1","042720",1,4488
"expt 1","042720",2,5518
"expt 1","042720",3,6779
"expt 1","042720",4,5235
"expt 1","042720",5,5286
"expt 1","042720",6,5369
"expt 1","042720",7,5667
"expt 1","042720",8,3808
"expt 1","042720",9,3127
"expt 1","042720",10,4870
"expt 1","042720",11,4771
"expt 1","042720",12,6431
"expt 1","042720",13,6829
"expt 1","042720",14,8971
"expt 1","042720",15,5866
"expt 1","042720",16,8307
"expt 1","042720",17,8606
"expt 1","042720",18,7942
"expt 1","042720",19,3028
"expt 1","042720",20,7443
"expt 1","042720",21,6082
"expt 1","042720",22,7909
"expt 1","042720",23,7046
"expt 1","042720",24,4289
"expt 1","042720",25,9635
"expt 1","042720",26,3924
"expt 1","042720",27,9603
"expt 1","042720",28,3393
"expt 1","042720",29,6132
"expt 1","042720",30,3924
"expt 1","042720",31,7244
"expt 1","042720",32,3260
"expt 1","042720",33,4588
"expt 1","042720",34,9768
"expt 1","042720",35,3276
"expt 1","042720",36,6332
"expt 1","042720",37,3709
"expt 1","042720",38,7527
"expt 1","042720",39,5254
"expt 1","042720",40,2646
"expt 1","042720",41,3509
"expt 1","042720",42,5817
"expt 1","042720",43,5750
"expt 1","042720",44,6116
"expt 1","042720",45,4704
"expt 1","042720",46,3858
"expt 1","042720",47,7676
"expt 1","042720",48,3991
"expt 1","042720",49,4970
"expt 1","042720",50,3758
"expt 1","042720",51,5368
"expt 1","042720",52,2264
"expt 1","042720",53,5169
"expt 1","042720",54,6415
"expt 1","042720",55,7593
"expt 1","042720",56,4738
"expt 1","042720",57,7560
"expt 1","042720",58,7576
"expt 1","042720",59,6763
"expt 1","042720",60,3609
"expt 1","042720",61,3343
"expt 1","042720",62,2778
"expt 1","042720",63,7145
"expt 1","043896",0,14250
"expt 1","043896",1,19231
"expt 1","043896",2,9917
"expt 1","043896",3,14781
"expt 1","043896",4,15513
"expt 1","043896",5,11279
"expt 1","043896",6,6049
"expt 1","043896",7,13387
"expt 1","043896",8,10931
"expt 1","043896",9,5850
"expt 1","043896",10,7461
"expt 1","043896",11,16675
"expt 1","043896",12,6249
"expt 1","043896",13,12424
"expt 1","043896",14,8457
"expt 1","043896",15,15861
"expt 1","043896",16,18966
"expt 1","043896",17,7427
"expt 1","043896",18,7112
"expt 1","043896",19,4372
"expt 1","043896",20,12856
"expt 1","043896",21,8041
"expt 1","043896",22,7726
"expt 1","043896",23,8390
"expt 1","043896",24,15064
"expt 1","043896",25,13222
"expt 1","043896",26,17123
"expt 1","043896",27,8672
"expt 1","043896",28,3675
"expt 1","043896",29,13321
"expt 1","043896",30,11694
"expt 1","043896",31,8905
"expt 1","043896",32,7677
"expt 1","043896",33,7759
"expt 1","043896",34,4737
"expt 1","043896",35,10648
"expt 1","043896",36,10781
"expt 1","043896",37,14582
"expt 1","043896",38,7493
"expt 1","043896",39,10001
"expt 1","043896",40,5120
"expt 1","043896",41,10615
"expt 1","043896",42,5999
"expt 1","043896",43,8921
"expt 1","043896",44,16376
"expt 1","043896",45,10051
"expt 1","043896",46,7909
"expt 1","043896",47,5717
"expt 1","043896",48,4821
"expt 1","043896",49,6414
"expt 1","043896",50,4074
"expt 1","043896",51,15679
"expt 1","043896",52,14849
"expt 1","043896",53,3094
"expt 1","043896",54,5152
"expt 1","043896",55,21822
"expt 1","043896",56,5369
"expt 1","043896",57,4372
"expt 1","043896",58,7527
"expt 1","043896",59,7793
"expt 1","043896",60,7178
"expt 1","043896",61,7975
"expt 1","043896",62,6580
"expt 1","043896",63,3691
"expt 1","044872",0,32796
"expt 1","044872",1,18252
"expt 1","044872",2,13088
"expt 1","044872",3,15280
"expt 1","044872",4,13272
"expt 1","044872",5,10334
"expt 1","044872",6,12839
"expt 1","044872",7,11163
"expt 1","044872",8,18949
"expt 1","044872",9,8407
"expt 1","044872",10,10100
"expt 1","044872",11,19696
"expt 1","044872",12,20510
"expt 1","044872",13,12922
"expt 1","044872",14,19796
"expt 1","044872",15,20642
"expt 1","044872",16,8507
"expt 1","044872",17,15131
"expt 1","044872",18,13255
"expt 1","044872",19,16078
"expt 1","044872",20,7942
"expt 1","044872",21,7876
"expt 1","044872",22,11811
"expt 1","044872",23,7643
"expt 1","044872",24,7825
"expt 1","044872",25,18734
"expt 1","044872",26,5236
"expt 1","044872",27,2380
"expt 1","044872",28,3758
"expt 1","044872",29,7261
"expt 1","044872",30,5452
"expt 1","044872",31,18865
"expt 1","044872",32,4256
"expt 1","044872",33,23947
"expt 1","044872",34,6049
"expt 1","044872",35,6032
"expt 1","044872",36,4970
"expt 1","044872",37,2430
"expt 1","044872",38,2430
"expt 1","044872",39,4721
"expt 1","044872",40,3924
"expt 1","044872",41,2513
"expt 1","044872",42,2595
"expt 1","044872",43,2911
"expt 1","044872",44,2064
"expt 1","044872",45,7128
"expt 1","044872",46,1882
"expt 1","044872",47,2994
"expt 1","044872",48,3659
"expt 1","044872",49,8572
"expt 1","044872",50,2928
"expt 1","044872",51,2115
"expt 1","044872",52,3692
"expt 1","044872",53,3393
"expt 1","044872",54,2446
"expt 1","044872",55,6548
"expt 1","044872",56,6846
"expt 1","044872",57,2148
"expt 1","044872",58,2628
"expt 1","044872",59,2446
"expt 1","044872",60,2214
"expt 1","044872",61,1965
"expt 1","044872",62,2945
"expt 1","044872",63,3957
"expt 1","045256",0,7543
"expt 1","045256",1,6680
"expt 1","045256",2,4671
"expt 1","045256",3,6066
"expt 1","045256",4,4787
"expt 1","045256",5,11677
"expt 1","045256",6,5701
"expt 1","045256",7,6066
"expt 1","045256",8,6248
"expt 1","045256",9,6647
"expt 1","045256",10,4140
"expt 1","045256",11,5202
"expt 1","045256",12,8490
"expt 1","045256",13,8822
"expt 1","045256",14,4356
"expt 1","045256",15,5518
"expt 1","045256",16,6530
"expt 1","045256",17,6132
"expt 1","045256",18,7527
"expt 1","045256",19,11478
"expt 1","045256",20,5252
"expt 1","045256",21,5369
"expt 1","045256",22,6132
"expt 1","045256",23,8074
"expt 1","045256",24,9619
"expt 1","045256",25,10764
"expt 1","045256",26,7776
"expt 1","045256",27,9752
"expt 1","045256",28,5983
"expt 1","045256",29,10083
"expt 1","045256",30,7112
"expt 1","045256",31,6348
"expt 1","045256",32,6847
"expt 1","045256",33,4521
"expt 1","045256",34,6763
"expt 1","045256",35,9304
"expt 1","045256",36,9270
"expt 1","045256",37,8539
"expt 1","045256",38,9602
"expt 1","045256",39,13719
"expt 1","045256",40,5966
"expt 1","045256",41,9553
"expt 1","045256",42,6548
"expt 1","045256",43,4206
"expt 1","045256",44,4156
"expt 1","045256",45,6514
"expt 1","045256",46,6165
"expt 1","045256",47,4173
"expt 1","045256",48,5435
"expt 1","045256",49,9021
"expt 1","045256",50,6348
"expt 1","045256",51,7261
"expt 1","045256",52,7543
"expt 1","045256",53,5933
"expt 1","045256",54,6365
"expt 1","045256",55,9685
"expt 1","045256",56,6979
"expt 1","045256",57,6049
"expt 1","045256",58,8340
"expt 1","045256",59,10034
"expt 1","045256",60,5103
"expt 1","045256",61,6929
"expt 1","045256",62,7444
"expt 1","045256",63,4622
"expt 1","046232",0,51523
"expt 1","046232",1,77357
"expt 1","046232",2,47340
"expt 1","046232",3,35020
"expt 1","046232",4,36250
"expt 1","046232",5,6432
"expt 1","046232",6,3875
"expt 1","046232",7,4423
"expt 1","046232",8,33626
"expt 1","046232",9,5982
"expt 1","046232",10,11711
"expt 1","046232",11,25209
"expt 1","046232",12,26522
"expt 1","046232",13,22420
"expt 1","046232",14,26354
"expt 1","046232",15,19746
"expt 1","046232",16,13222
"expt 1","046232",17,22220
"expt 1","046232",18,6746
"expt 1","046232",19,11926
"expt 1","046232",20,13487
"expt 1","046232",21,31451
"expt 1","046232",22,5102
"expt 1","046232",23,3210
"expt 1","046232",24,3343
"expt 1","046232",25,2829
"expt 1","046232",26,44535
"expt 1","046232",27,22668
"expt 1","046232",28,7344
"expt 1","046232",29,22635
"expt 1","046232",30,6763
"expt 1","046232",31,6978
"expt 1","046232",32,2513
"expt 1","046232",33,4571
"expt 1","046232",34,14566
"expt 1","046232",35,28744
"expt 1","046232",36,47390
"expt 1","046232",37,29293
"expt 1","046232",38,5999
"expt 1","046232",39,27915
"expt 1","046232",40,21340
"expt 1","046232",41,3128
"expt 1","046232",42,2795
"expt 1","046232",43,5136
"expt 1","046232",44,45663
"expt 1","046232",45,7859
"expt 1","046232",46,21738
"expt 1","046232",47,13819
"expt 1","046232",48,9154
"expt 1","046232",49,31451
"expt 1","046232",50,34257
"expt 1","046232",51,24811
"expt 1","046232",52,5684
"expt 1","046232",53,2911
"expt 1","046232",54,2678
"expt 1","046232",55,7544
"expt 1","046232",56,21241
"expt 1","046232",57,6913
"expt 1","046232",58,11229
"expt 1","046232",59,3310
"expt 1","046232",60,3708
"expt 1","046232",61,8739
"expt 1","046232",62,19580
"expt 1","046232",63,7826
"expt 1","047128",0,7477
"expt 1","047128",1,27865
"expt 1","047128",2,10332
"expt 1","047128",3,6929
"expt 1","047128",4,12092
"expt 1","047128",5,30189
"expt 1","047128",6,12706
"expt 1","047128",7,18518
"expt 1","047128",8,14168
"expt 1","047128",9,24478
"expt 1","047128",10,6880
"expt 1","047128",11,30521
"expt 1","047128",12,8573
"expt 1","047128",13,44335
"expt 1","047128",14,40898
"expt 1","047128",15,11263
"expt 1","047128",16,19646
"expt 1","047128",17,6281
"expt 1","047128",18,7079
"expt 1","047128",19,13005
"expt 1","047128",20,12691
"expt 1","047128",21,9453
"expt 1","047128",22,9735
"expt 1","047128",23,15529
"expt 1","047128",24,24179
"expt 1","047128",25,5950
"expt 1","047128",26,17904
"expt 1","047128",27,17040
"expt 1","047128",28,25673
"expt 1","047128",29,14317
"expt 1","047128",30,10416
"expt 1","047128",31,8473
"expt 1","047128",32,10980
"expt 1","047128",33,27051
"expt 1","047128",34,46260
"expt 1","047128",35,11860
"expt 1","047128",36,13072
"expt 1","047128",37,9022
"expt 1","047128",38,13786
"expt 1","047128",39,23863
"expt 1","047128",40,9369
"expt 1","047128",41,15794
"expt 1","047128",42,9818
"expt 1","047128",43,10366
"expt 1","047128",44,12458
"expt 1","047128",45,6697
"expt 1","047128",46,6979
"expt 1","047128",47,5900
"expt 1","047128",48,6249
"expt 1","047128",49,6531
"expt 1","047128",50,5534
"expt 1","047128",51,8141
"expt 1","047128",52,11180
"expt 1","047128",53,14168
"expt 1","047128",54,7278
"expt 1","047128",55,15595
"expt 1","047128",56,10184
"expt 1","047128",57,9718
"expt 1","047128",58,6315
"expt 1","047128",59,6680
"expt 1","047128",60,6398
"expt 1","047128",61,9419
"expt 1","047128",62,13951
"expt 1","047128",63,8673
"expt 1","048512",0,14716
"expt 1","048512",1,9519
"expt 1","048512",2,10267
"expt 1","048512",3,12059
"expt 1","048512",4,4572
"expt 1","048512",5,6481
"expt 1","048512",6,5966
"expt 1","048512",7,7078
"expt 1","048512",8,3210
"expt 1","048512",9,6033
"expt 1","048512",10,5534
"expt 1","048512",11,6681
"expt 1","048512",12,5169
"expt 1","048512",13,5268
"expt 1","048512",14,5185
"expt 1","048512",15,5535
"expt 1","048512",16,5784
"expt 1","048512",17,8971
"expt 1","048512",18,4123
"expt 1","048512",19,3260
"expt 1","048512",20,6813
"expt 1","048512",21,4638
"expt 1","048512",22,3575
"expt 1","048512",23,7128
"expt 1","048512",24,6381
"expt 1","048512",25,2463
"expt 1","048512",26,4422
"expt 1","048512",27,2546
"expt 1","048512",28,5584
"expt 1","048512",29,2512
"expt 1","048512",30,6448
"expt 1","048512",31,2064
"expt 1","048512",32,5219
"expt 1","048512",33,3426
"expt 1","048512",34,7311
"expt 1","048512",35,5169
"expt 1","048512",36,2131
"expt 1","048512",37,4555
"expt 1","048512",38,5236
"expt 1","048512",39,4223
"expt 1","048512",40,2529
"expt 1","048512",41,3641
"expt 1","048512",42,5119
"expt 1","048512",43,3426
"expt 1","048512",44,7958
"expt 1","048512",45,2531
"expt 1","048512",46,6381
"expt 1","048512",47,8473
"expt 1","048512",48,3841
"expt 1","048512",49,2496
"expt 1","048512",50,3742
"expt 1","048512",51,2712
"expt 1","048512",52,5601
"expt 1","048512",53,3907
"expt 1","048512",54,4455
"expt 1","048512",55,2712
"expt 1","048512",56,4737
"expt 1","048512",57,1866
"expt 1","048512",58,3243
"expt 1","048512",59,3509
"expt 1","048512",60,2547
"expt 1","048512",61,4306
"expt 1","048512",62,4040
"expt 1","048512",63,5552
"expt 1","049640",0,4140
"expt 1","049640",1,5069
"expt 1","049640",2,5269
"expt 1","049640",3,12059
"expt 1","049640",4,8025
"expt 1","049640",5,14283
"expt 1","049640",6,10715
"expt 1","049640",7,12076
"expt 1","049640",8,6033
"expt 1","049640",9,5883
"expt 1","049640",10,3559
"expt 1","049640",11,5069
"expt 1","049640",12,6332
"expt 1","049640",13,7328
"expt 1","049640",14,15446
"expt 1","049640",15,7842
"expt 1","049640",16,5932
"expt 1","049640",17,5451
"expt 1","049640",18,16592
"expt 1","049640",19,5734
"expt 1","049640",20,3509
"expt 1","049640",21,7244
"expt 1","049640",22,10880
"expt 1","049640",23,12574
"expt 1","049640",24,9437
"expt 1","049640",25,14765
"expt 1","049640",26,3210
"expt 1","049640",27,4439
"expt 1","049640",28,14201
"expt 1","049640",29,3592
"expt 1","049640",30,14218
"expt 1","049640",31,3559
"expt 1","049640",32,3409
"expt 1","049640",33,3360
"expt 1","049640",34,6315
"expt 1","049640",35,13371
"expt 1","049640",36,6398
"expt 1","049640",37,10399
"expt 1","049640",38,15148
"expt 1","049640",39,6680
"expt 1","049640",40,7427
"expt 1","049640",41,9087
"expt 1","049640",42,3991
"expt 1","049640",43,3642
"expt 1","049640",44,11279
"expt 1","049640",45,3941
"expt 1","049640",46,4106
"expt 1","049640",47,16326
"expt 1","049640",48,4638
"expt 1","049640",49,7410
"expt 1","049640",50,5186
"expt 1","049640",51,6581
"expt 1","049640",52,2994
"expt 1","049640",53,2928
"expt 1","049640",54,3343
"expt 1","049640",55,5003
"expt 1","049640",56,10731
"expt 1","049640",57,5884
"expt 1","049640",58,9203
"expt 1","049640",59,3110
"expt 1","049640",60,3110
"expt 1","049640",61,17504
"expt 1","049640",62,7194
"expt 1","049640",63,10000
"expt 1","050744",0,5784
"expt 1","050744",1,6199
"expt 1","050744",2,6746
"expt 1","050744",3,5435
"expt 1","050744",4,4688
"expt 1","050744",5,7195
"expt 1","050744",6,3376
"expt 1","050744",7,3260
"expt 1","050744",8,6912
"expt 1","050744",9,5153
"expt 1","050744",10,3792
"expt 1","050744",11,2977
"expt 1","050744",12,5484
"expt 1","050744",13,7095
"expt 1","050744",14,7875
"expt 1","050744",15,10582
"expt 1","050744",16,5418
"expt 1","050744",17,6797
"expt 1","050744",18,8556
"expt 1","050744",19,7095
"expt 1","050744",20,3343
"expt 1","050744",21,5069
"expt 1","050744",22,2613
"expt 1","050744",23,3642
"expt 1","050744",24,4007
"expt 1","050744",25,5136
"expt 1","050744",26,6879
"expt 1","050744",27,5335
"expt 1","050744",28,2761
"expt 1","050744",29,3741
"expt 1","050744",30,4439
"expt 1","050744",31,5120
"expt 1","050744",32,5534
"expt 1","050744",33,3609
"expt 1","050744",34,5999
"expt 1","050744",35,10930
"expt 1","050744",36,4422
"expt 1","050744",37,5618
"expt 1","050744",38,2165
"expt 1","050744",39,3260
"expt 1","050744",40,6597
"expt 1","050744",41,5236
"expt 1","050744",42,3177
"expt 1","050744",43,5070
"expt 1","050744",44,4057
"expt 1","050744",45,3709
"expt 1","050744",46,6016
"expt 1","050744",47,3625
"expt 1","050744",48,4870
"expt 1","050744",49,2180
"expt 1","050744",50,2048
"expt 1","050744",51,1915
"expt 1","050744",52,4937
"expt 1","050744",53,3210
"expt 1","050744",54,2513
"expt 1","050744",55,3492
"expt 1","050744",56,2147
"expt 1","050744",57,1915
"expt 1","050744",58,4522
"expt 1","050744",59,3675
"expt 1","050744",60,2845
"expt 1","050744",61,3393
"expt 1","050744",62,4455
"expt 1","050744",63,4820
"expt 1","051176",0,18866
"expt 1","051176",1,13221
"expt 1","051176",2,18484
"expt 1","051176",3,10515
"expt 1","051176",4,10349
"expt 1","051176",5,13138
"expt 1","051176",6,8341
"expt 1","051176",7,10798
"expt 1","051176",8,19929
"expt 1","051176",9,9120
"expt 1","051176",10,9387
"expt 1","051176",11,6697
"expt 1","051176",12,21341
"expt 1","051176",13,6680
"expt 1","051176",14,6879
"expt 1","051176",15,9220
"expt 1","051176",16,5816
"expt 1","051176",17,5451
"expt 1","051176",18,8423
"expt 1","051176",19,5784
"expt 1","051176",20,9087
"expt 1","051176",21,6348
"expt 1","051176",22,5999
"expt 1","051176",23,5834
"expt 1","051176",24,4870
"expt 1","051176",25,9220
"expt 1","051176",26,13371
"expt 1","051176",27,8174
"expt 1","051176",28,14400
"expt 1","051176",29,10216
"expt 1","051176",30,6564
"expt 1","051176",31,11378
"expt 1","051176",32,3807
"expt 1","051176",33,4589
"expt 1","051176",34,4024
"expt 1","051176",35,5584
"expt 1","051176",36,5717
"expt 1","051176",37,6946
"expt 1","051176",38,4821
"expt 1","051176",39,4090
"expt 1","051176",40,6614
"expt 1","051176",41,8190
"expt 1","051176",42,3526
"expt 1","051176",43,4040
"expt 1","051176",44,9719
"expt 1","051176",45,4256
"expt 1","051176",46,3027
"expt 1","051176",47,6299
"expt 1","051176",48,5335
"expt 1","051176",49,7743
"expt 1","051176",50,9834
"expt 1","051176",51,3094
"expt 1","051176",52,4937
"expt 1","051176",53,4804
"expt 1","051176",54,12541
"expt 1","051176",55,4422
"expt 1","051176",56,7792
"expt 1","051176",57,7959
"expt 1","051176",58,4738
"expt 1","051176",59,6182
"expt 1","051176",60,4638
"expt 1","051176",61,5253
"expt 1","051176",62,8324
"expt 1","051176",63,6812
"expt 1","052720",0,2197
"expt 1","052720",1,3691
"expt 1","052720",2,2148
"expt 1","052720",3,3442
"expt 1","052720",4,2529
"expt 1","052720",5,2679
"expt 1","052720",6,4124
"expt 1","052720",7,3326
"expt 1","052720",8,2331
"expt 1","052720",9,7162
"expt 1","052720",10,2247
"expt 1","052720",11,1998
"expt 1","052720",12,2097
"expt 1","052720",13,2164
"expt 1","052720",14,1949
"expt 1","052720",15,2264
"expt 1","052720",16,1816
"expt 1","052720",17,3177
"expt 1","052720",18,4273
"expt 1","052720",19,5186
"expt 1","052720",20,2164
"expt 1","052720",21,1915
"expt 1","052720",22,2746
"expt 1","052720",23,2696
"expt 1","052720",24,2695
"expt 1","052720",25,1949
"expt 1","052720",26,2645
"expt 1","052720",27,5568
"expt 1","052720",28,2829
"expt 1","052720",29,2297
"expt 1","052720",30,1700
"expt 1","052720",31,4206
"expt 1","052720",32,2945
"expt 1","052720",33,2198
"expt 1","052720",34,2181
"expt 1","052720",35,2263
"expt 1","052720",36,2230
"expt 1","052720",37,2396
"expt 1","052720",38,5286
"expt 1","052720",39,4854
"expt 1","052720",40,1882
"expt 1","052720",41,1882
"expt 1","052720",42,1732
"expt 1","052720",43,4356
"expt 1","052720",44,2496
"expt 1","052720",45,2530
"expt 1","052720",46,4140
"expt 1","052720",47,2762
"expt 1","052720",48,2214
"expt 1","052720",49,1981
"expt 1","052720",50,2031
"expt 1","052720",51,4073
"expt 1","052720",52,1683
"expt 1","052720",53,2629
"expt 1","052720",54,4123
"expt 1","052720",55,2911
"expt 1","052720",56,3110
"expt 1","052720",57,2413
"expt 1","052720",58,3875
"expt 1","052720",59,3359
"expt 1","052720",60,1882
"expt 1","052720",61,1932
"expt 1","052720",62,2696
"expt 1","052720",63,4090
"expt 1","053280",0,4040
"expt 1","053280",1,3193
"expt 1","053280",2,2861
"expt 1","053280",3,6033
"expt 1","053280",4,3294
"expt 1","053280",5,6514
"expt 1","053280",6,6398
"expt 1","053280",7,2447
"expt 1","053280",8,4107
"expt 1","053280",9,3974
"expt 1","053280",10,2928
"expt 1","053280",11,2579
"expt 1","053280",12,4041
"expt 1","053280",13,4970
"expt 1","053280",14,6797
"expt 1","053280",15,3592
"expt 1","053280",16,5020
"expt 1","053280",17,5468
"expt 1","053280",18,9802
"expt 1","053280",19,4190
"expt 1","053280",20,6066
"expt 1","053280",21,5451
"expt 1","053280",22,4987
"expt 1","053280",23,3974
"expt 1","053280",24,4688
"expt 1","053280",25,3841
"expt 1","053280",26,5849
"expt 1","053280",27,5434
"expt 1","053280",28,5385
"expt 1","053280",29,3027
"expt 1","053280",30,4206
"expt 1","053280",31,4223
"expt 1","053280",32,4538
"expt 1","053280",33,5136
"expt 1","053280",34,6531
"expt 1","053280",35,3326
"expt 1","053280",36,6232
"expt 1","053280",37,5086
"expt 1","053280",38,4505
"expt 1","053280",39,3144
"expt 1","053280",40,4090
"expt 1","053280",41,7394
"expt 1","053280",42,3510
"expt 1","053280",43,4289
"expt 1","053280",44,2978
"expt 1","053280",45,2579
"expt 1","053280",46,2961
"expt 1","053280",47,4472
"expt 1","053280",48,3592
"expt 1","053280",49,4987
"expt 1","053280",50,4622
"expt 1","053280",51,4373
"expt 1","053280",52,4107
"expt 1","053280",53,3194
"expt 1","053280",54,4820
"expt 1","053280",55,1765
"expt 1","053280",56,5302
"expt 1","053280",57,3725
"expt 1","053280",58,4472
"expt 1","053280",59,3061
"expt 1","053280",60,4937
"expt 1","053280",61,6448
"expt 1","053280",62,4223
"expt 1","053280",63,7460
